county_code,D2,D1,reform_pivot,gdp_growth_outcome,ln_gdppc_outcome,fiscal_autonomy_pre,primary_ratio_pre,secondary_ratio_pre,ln_pop_pre,gov_scale_pre,region_val
130121,0,0,2007,14.840605,10.232866,.57586187,10.130179,56.317486,3.4675033,5.8064628,1
130123,0,0,2007,14.568199,10.299397,.48170987,19.596363,46.736462,3.7854698,4.4361281,1
130125,1,0,2009,,9.8835011,.2428599,21.390438,57.182934,3.7522457,7.2845025,1
130126,1,0,2010,,9.9120512,.21250612,17.022526,59.19062,3.4732502,9.2815552,1
130127,1,0,2010,,9.995656,.24747121,18.29027,53.244263,2.8952582,8.6466255,1
130128,1,0,2009,,9.9593124,.35386902,19.745203,57.0741,3.220854,6.9461694,1
130129,1,0,2010,,9.9838228,.24343708,23.526905,55.087986,3.1928546,8.7794485,1
130130,1,0,2009,,10.000353,.32712671,17.347645,54.896992,3.8943825,4.9121046,1
130131,1,1,2009,,10.349785,.43536201,12.932384,66.418648,3.8379228,8.3364334,1
130132,1,0,2009,,10.112869,.33120579,16.073837,53.700626,3.6950173,4.7582126,1
130133,1,0,2009,,9.9638605,.27053607,22.686705,52.14893,4.0381222,5.3939471,1
130181,1,1,2009,,10.537905,.46236071,18.160093,56.813698,4.1125026,4.1843357,1
130183,1,0,2009,,10.178906,.40025294,15.103239,53.316204,3.9585633,4.7537756,1
130184,1,0,2009,,10.120008,.39757496,18.909447,55.659393,3.8480604,4.6138,1
130224,1,0,2009,,10.631609,.38311559,20.234913,50.139988,4.0625081,5.1359625,1
130225,0,0,2007,14.331317,10.629612,.51466757,35.085453,33.504295,3.8958895,4.7168474,1
130227,0,0,2007,14.666951,11.185526,.55197376,7.2288899,66.493195,3.5963445,5.5799203,1
130229,1,0,2009,,10.442598,.3285087,21.671276,45.724964,4.1965446,4.4823017,1
130281,1,1,2009,,11.198395,.55974758,7.4001861,56.97514,4.2610064,4.7779274,1
130283,1,1,2009,,11.14172,.69168139,4.9196506,62.578732,4.2489181,6.2661939,1
130284,0,0,2007,22.472698,10.508984,.47048566,16.154751,51.783989,3.9913247,4.5918331,1
130321,0,0,2007,21.103601,9.3213558,.35297957,24.314478,47.882545,3.9605341,12.999973,1
130322,1,1,2009,,9.9587669,.32941529,34.155205,38.263351,4.0122876,7.9261894,1
130324,1,0,2009,,9.6714649,.16603723,23.405142,30.116957,3.7376666,9.6074457,1
130421,0,0,2007,11.012373,10.541029,.56562716,7.8513331,63.881603,3.6720023,4.8010793,1
130423,1,0,2009,,9.2969017,.12159485,35.377842,33.881535,4.1471381,9.465044,1
130424,0,0,2007,18.452471,9.6826897,.18320724,35.464439,37.30323,3.6183383,6.4250827,1
130425,1,1,2009,,9.1558151,.082131669,29.868048,31.941372,4.3661346,11.017477,1
130426,0,0,2007,19.319021,10.719595,.46344826,4.0863953,80.406403,3.6674747,5.8325109,1
130427,0,0,2007,14.173553,10.048738,.43813756,9.9644594,60.370964,4.1682405,5.4644504,1
130430,1,0,2009,,9.9065313,.12352144,30.169075,39.693886,3.1057625,7.8091426,1
130431,1,0,2010,,9.8321524,.086998791,28.435362,46.337173,3.304388,9.8776197,1
130432,1,0,2009,,9.7047796,.16369089,16.856915,51.569416,3.2712345,8.4094858,1
130433,1,0,2009,,9.6896782,.12711386,33.162243,38.640064,3.4609153,8.8351154,1
130434,1,0,2009,,9.3372097,.10446373,19.382824,37.328987,4.4387465,9.5031862,1
130435,1,0,2009,,9.6165447,.10733564,29.82749,38.982502,3.7501976,8.2220383,1
130481,1,1,2009,,10.929777,.70189929,2.6737504,70.431946,4.307755,5.1016793,1
130521,0,0,2007,12.82644,10.149401,.37687486,10.258195,68.194206,3.7138076,6.9277372,1
130522,1,0,2010,,9.7603102,.17361858,16.514332,60.944954,3.0103657,13.543829,1
130523,0,0,2007,10.859355,10.004238,.35669398,9.4396038,64.473412,3.2533224,5.4796376,1
130524,1,0,2009,,9.2068596,.12383255,28.106916,51.200836,2.9171555,11.204959,1
130525,1,0,2009,,9.6442661,.28213707,19.726641,51.029453,3.9126947,5.7350121,1
130526,0,0,2007,12.662941,8.7631149,.13768592,31.16955,35.203217,3.4456294,10.157739,1
130527,0,0,2007,10.446687,8.8517351,.13257055,39.120598,33.604858,3.4748154,9.0229664,1
130528,1,1,2009,,9.8251705,.37034819,14.761501,65.873192,4.2700982,5.8973665,1
130529,1,0,2010,,9.1953287,.1054919,20.164249,50.399357,3.6394122,13.728764,1
130530,1,0,2010,,9.2239475,.063559361,26.665087,46.036568,2.8423517,18.098919,1
130531,1,0,2010,,9.1792622,.05953867,37.897881,39.559349,3.36357,16.18976,1
130532,1,0,2010,,9.088625,.13620961,20.764347,45.07246,3.417757,16.271719,1
130533,1,0,2009,,8.6717319,.077338018,48.143639,24.805779,4.0177975,15.223636,1
130534,1,1,2009,,10.148483,.28653181,5.0478001,73.502029,3.6116145,4.3855133,1
130535,1,0,2009,,9.2797699,.15148774,23.781324,40.92181,3.547776,10.494302,1
130581,1,0,2009,,9.4818535,.12512651,19.105764,53.943047,3.8331466,8.6009808,1
130582,0,0,2007,17.635344,10.166064,.38947409,6.155025,70.932556,3.8565679,5.2241049,1
130623,1,0,2010,,9.1836882,.18457377,27.320381,30.817677,3.5526376,20.149405,1
130624,1,0,2010,,9.3230438,.19629386,23.870689,26.831514,3.0992148,23.060938,1
130626,1,0,2009,,9.319521,.20741688,29.558723,43.388657,4.0489683,9.7411423,1
130627,1,0,2010,,9.0662394,.10623185,27.981297,41.681465,4.0643783,18.524918,1
130628,1,0,2010,,9.970726,.31061965,9.4855623,69.288551,3.4918332,7.9086175,1
130629,1,0,2009,,9.7325134,.28632939,19.402527,60.488316,3.2460039,8.4488077,1
130630,1,0,2010,,9.7668657,.42629316,,,3.3181064,,1
130631,1,0,2009,,9.4142094,.20014112,32.443462,42.4771,3.2673774,12.232479,1
130632,0,0,2007,10.740886,9.2391386,.32792524,13.930712,59.255413,3.7215686,7.0653214,1
130633,1,0,2010,,9.3919954,.15952711,27.463528,39.349667,4.0358434,14.4325,1
130634,1,0,2010,,9.0428677,.16104306,16.603777,44.629185,4.0830612,14.158953,1
130635,1,0,2009,,9.3101902,.21803848,16.140465,54.619656,3.9243131,7.918643,1
130636,1,0,2010,,9.3276787,.15218122,28.653797,43.229813,3.4403749,15.855365,1
130637,1,0,2010,,9.4076328,.15889333,33.30373,39.738926,3.2714438,12.569752,1
130638,1,0,2009,,9.5972157,.29996726,13.600794,64.271828,3.5664783,8.3019838,1
130681,1,1,2009,,10.134245,.58805758,10.385699,39.186081,4.1238065,7.4538665,1
130682,1,1,2009,,9.5386515,.31922224,31.545624,46.955387,4.7678466,7.9467483,1
130683,1,1,2009,,9.7059402,.31124079,26.932835,44.01532,3.6974938,8.5761738,1
130684,1,0,2009,,9.6356134,.36244661,10.655669,58.483585,4.0751438,5.526566,1
130721,0,0,2007,18.966043,9.5475607,.27145362,,,3.3735807,,1
130722,1,1,2009,,9.6694365,.19524302,37.247356,34.096424,3.5723431,15.418517,1
130723,1,0,2010,,9.4429588,.079182968,42.341461,23.058741,3.3364778,22.415676,1
130724,1,0,2010,,9.4796038,.091223873,49.327168,15.485773,3.1045799,27.462894,1
130725,1,0,2010,,9.5629673,.099964879,38.986401,25.984678,2.9668086,25.426628,1
130726,1,0,2010,,9.5492382,.24083479,15.11122,37.734451,3.8540018,13.943439,1
130727,1,0,2010,,9.737669,.21257342,15.692319,26.571228,3.3196249,14.422581,1
130728,0,0,2007,39.558777,9.4775772,.16446701,31.443256,26.247183,3.1845491,19.504669,1
130730,1,1,2009,,10.020523,.4061538,13.819766,34.693466,3.5358086,10.108026,1
130731,1,0,2010,,9.7319279,.16426431,32.257664,30.927525,3.5264261,13.554982,1
130732,0,0,2007,33.567757,9.4608908,.28865415,32.885838,35.070824,3.3391724,17.994766,1
130821,1,1,2009,,9.7866058,.33774722,23.340719,51.313316,3.8280344,13.66699,1
130822,1,0,2010,,9.8547697,.25171688,19.000797,55.041836,3.4742346,11.11834,1
130824,0,0,2007,27.601336,10.112737,.26657343,20.298601,47.489639,3.5155814,12.634677,1
130825,0,0,2007,24.723667,9.4793987,.1456413,31.988489,33.754276,3.745554,14.408278,1
130826,0,0,2007,13.425344,9.4876995,.19014269,33.797329,36.354408,3.6436911,15.778093,1
130827,0,0,2007,27.475588,10.818708,.37642789,8.9682369,72.487991,3.1529365,9.7946339,1
130828,0,0,2007,21.091513,9.0005083,.091012031,35.060501,26.893358,3.950918,16.364893,1
130881,0,0,2007,20.754951,9.578701,.19050553,30.18922,38.879841,3.8368466,13.125787,1
130921,0,0,2007,8.6581297,9.9692545,.45399791,13.762333,52.48674,4.1906576,3.8790095,1
130922,0,0,2007,14.997276,10.095255,.29502249,26.348358,51.520866,3.67348,5.0770459,1
130923,1,0,2009,,9.9777336,.18192735,22.670395,45.917789,3.5739133,7.5570765,1
130924,0,0,2007,10.178279,9.0226736,.15241705,25.563927,41.161606,3.0826437,14.750998,1
130925,1,0,2009,,9.736969,.16168286,16.513828,58.708504,3.7454345,10.222672,1
130926,1,0,2009,,10.128279,.34638315,17.494963,45.413486,3.506412,6.2997808,1
130927,1,0,2009,,9.5725288,.14833428,25.34889,39.707054,3.5871575,11.483624,1
130928,1,0,2009,,9.6611881,.1405368,33.791107,30.325853,3.3381169,9.7489424,1
130929,1,0,2009,,9.8225327,.15095647,23.852825,48.067425,4.053895,7.4046969,1
130930,0,0,2007,21.944302,9.865036,.15229568,15.677792,60.504368,2.9182835,10.785821,1
130981,1,0,2009,,9.8305416,.22489251,12.157997,52.395786,4.0361638,5.5377746,1
130982,1,1,2009,,10.725941,.95271534,2.912581,78.828819,4.3929467,2.8520756,1
130983,0,1,2007,11.376383,10.321226,.5123319,10.0791,52.67194,3.7360728,4.6512709,1
130984,1,0,2009,,9.8919582,.24920064,11.254733,54.586288,4.3683081,5.7336545,1
131022,0,0,2007,17.467997,9.3488235,.32579365,43.113174,32.078465,3.6752403,7.0947866,1
131023,0,0,2007,,9.4882088,.19450541,38.284698,36.226711,3.6069419,7.6898971,1
131024,1,0,2009,,10.371114,.44723225,14.734421,57.898716,3.4229493,6.1258016,1
131025,1,0,2010,,9.6726894,.2387075,15.123801,59.795319,3.8518741,9.180975,1
131026,1,0,2010,,10.027959,.30924803,9.0982466,63.893993,3.8680007,7.2106018,1
131028,0,0,2007,22.634428,10.414671,.32747027,25.038561,50.456821,2.411386,7.7074971,1
131081,1,1,2009,,10.541862,.52882951,6.7147679,68.951019,4.0661359,6.190567,1
131082,1,1,2009,,10.910379,.70377809,9.7869053,59.753483,3.9301698,7.3149562,1
131121,0,0,2007,7.3571315,9.3674278,.20023687,22.016356,51.863686,3.6421189,7.0825195,1
131122,0,0,2007,12.217784,9.3304482,.18573321,39.716042,38.066799,3.4355807,8.3048897,1
131123,1,0,2009,,9.5715828,.1176926,22.609337,52.408615,3.0634933,10.782266,1
131124,1,0,2009,,9.3140707,.11408743,35.585846,40.3055,3.3634858,11.32436,1
131125,1,1,2009,,9.8930111,.24639219,11.656096,57.354916,3.4651251,6.0883064,1
131126,1,0,2009,,9.3833761,.12104683,29.928249,36.834492,3.8911889,8.7499104,1
131127,0,0,2007,9.4352779,9.5809956,.25312924,22.393341,50.511433,3.9172542,5.6885209,1
131128,1,0,2009,,9.3129435,.11273584,21.895578,54.91338,3.5225396,10.881773,1
131182,0,0,2007,8.6835661,9.4723473,.25103533,23.887316,46.86834,4.0335727,4.9219899,1
140121,0,1,2007,13.204384,10.204061,.66156733,14.816323,59.353249,3.4011974,8.6918755,2
140122,0,0,2007,26.763735,9.5503025,.39090371,22.61825,40.003956,2.6390574,20.957592,2
140123,1,0,2007,14.727387,9.1418619,.31241941,6.3357625,63.10046,2.4849067,36.601944,2
140181,0,1,2007,9.6499882,9.6799202,.73885143,3.1856956,72.518517,3.0600293,14.730089,2
140221,1,1,2007,19.183634,8.4700947,.082574852,34.811016,21.78936,3.3439016,35.188053,2
140222,1,0,2007,21.72126,8.5807476,.05401928,34.875477,22.726519,3.0445225,38.112736,2
140223,1,0,2007,15.55792,8.7165623,.069793485,30.31225,46.985165,2.8713191,29.662436,2
140224,1,1,2007,17.430946,9.2124949,.1855226,11.482135,57.896587,3.1496809,20.393156,2
140225,1,0,2007,18.823122,8.7889385,.090546429,30.384369,36.459015,3.5456855,23.383392,2
140226,0,0,2007,22.466269,9.6856976,.37014925,7.1832461,61.120468,2.662055,19.376234,2
140321,0,1,2007,11.721922,9.5523996,.37629798,4.7297463,58.757469,3.4657359,9.9387093,2
140322,0,1,2007,24.084724,10.079985,.56977552,4.0197654,63.71035,3.3672957,11.758356,2
140423,1,1,2017,19.592789,11.349647,.6347177,4.0901809,66.072105,3.2958369,16.348137,2
140425,1,0,2007,22.721634,8.9622746,.16728388,19.148191,47.109123,2.7725887,27.661026,2
140426,0,0,2007,12.006438,9.477231,.37188098,13.469594,54.651443,2.7725887,12.607512,2
140427,1,0,2007,10.126933,9.1199827,.27916753,8.5904732,61.594551,3.3439016,16.620363,2
140428,0,0,2007,33.136463,9.3954592,.30550045,34.980129,34.968521,3.5263605,16.259645,2
140429,1,0,2007,33.383907,9.7718124,.34184602,16.101688,58.687542,3.028259,22.119833,2
140430,0,0,2007,15.177935,8.6213036,.17002948,34.024143,16.547995,2.8332133,28.002983,2
140431,0,0,2007,34.107529,10.464684,.53856444,5.2008228,72.15773,2.7080503,14.876344,2
140521,0,0,2007,25.608887,10.593845,.55903792,6.8171043,63.219936,3.0445225,14.706016,2
140522,0,1,2007,15.125377,10.240683,.64929563,4.2289934,73.444237,3.6635616,10.785514,2
140524,0,0,2007,15.442792,9.0522623,.32822382,13.674953,49.088772,3.2319493,19.895432,2
140525,0,0,2007,20.618093,10.161115,.44680092,6.3720689,66.287903,3.9120231,7.9097166,2
140581,0,1,2007,22.842777,10.258938,.66420567,6.6542573,59.136955,3.871201,10.479946,2
140621,0,1,2007,30.538523,10.602657,.52016366,22.248871,49.612671,3.0910425,12.786798,2
140622,0,0,2007,24.867865,9.0628519,.15747628,33.516556,26.408226,3.331779,19.496096,2
140623,1,0,2007,34.435574,9.8941183,.18932961,23.936756,33.676613,2.3343551,26.398983,2
140681,0,0,2007,17.78614,10.369442,.6302948,8.5202856,48.297413,3.245023,6.8158631,2
140721,0,0,2007,14.677087,9.4895039,.40253457,6.7687211,69.353096,2.6390574,14.081758,2
140722,1,0,2007,16.116703,9.5381842,.33097327,11.333105,53.729149,2.7725887,19.244816,2
140723,1,0,2007,27.280651,9.6147499,.39773601,14.643131,46.82629,2.6390574,28.986691,2
140724,0,0,2007,24.756901,9.3724823,.30413553,14.991376,41.591225,3.1496809,22.575594,2
140725,0,0,2007,34.551392,10.155909,.43449685,24.509237,42.326599,3.0445225,16.055542,2
140727,0,0,2007,11.934658,9.5894985,.35447419,21.073805,43.991879,3.2580965,9.2848158,2
140728,0,0,2007,16.001842,9.4270296,.32893601,15.692888,44.688419,3.8918202,11.661123,2
140729,0,1,2007,23.31683,10.634968,.64458865,2.0307832,65.526947,3.1780539,9.4811239,2
140781,1,1,2017,17.671183,10.938807,.53188491,4.1985612,54.897907,3.762747,14.869832,2
140821,0,0,2007,17.61828,9.379117,.19925383,38.512791,27.4361,3.9765227,7.5542736,2
140822,0,0,2007,15.530071,8.8487463,.11424876,23.436899,34.718285,3.7612002,13.639862,2
140823,0,0,2007,12.523544,9.8827219,.35475793,5.6077309,77.79493,3.6635616,5.8389735,2
140824,0,0,2007,17.877377,9.3693943,.18425597,12.465413,57.399326,3.4965076,10.110482,2
140825,0,0,2007,18.133247,9.3843021,.19374287,16.715706,48.448547,3.4657359,8.9421825,2
140827,0,0,2007,14.260989,9.1265917,.12787445,8.9671707,63.778625,3.0910425,14.777101,2
140828,0,0,2007,24.870325,8.6175995,.099095501,28.472731,32.838543,3.5360231,24.034672,2
140829,1,0,2007,15.933183,8.844965,.090795808,15.92963,47.908443,3.2188759,23.799681,2
140830,0,0,2007,17.226589,9.307991,.14329746,21.825974,39.682152,3.6375861,10.090092,2
140881,1,1,2017,7.862102,10.360128,.19806591,15.744321,51.67186,3.796942,14.321273,2
140882,0,1,2007,5.2255759,10.794669,.8441599,1.9045912,75.038376,3.6198072,3.731972,2
140921,0,0,2007,17.435614,9.4489479,.23651375,12.627027,55.004681,3.0445225,12.390561,2
140922,1,0,2007,26.12904,8.8118439,.16012685,15.470847,24.475641,3.4339871,33.337341,2
140923,1,0,2007,33.882744,9.5234766,.31445876,12.997355,60.119835,2.9957323,21.939537,2
140924,1,0,2007,34.302372,9.2302246,.22543991,13.615927,50.591465,3.245023,24.124722,2
140925,1,0,2007,28.505238,9.4444885,.41419664,6.4555473,47.178822,2.751076,27.305061,2
140926,1,0,2007,22.02112,8.9056873,.1672962,18.327171,40.123665,2.729563,35.385986,2
140927,1,0,2007,24.029791,8.8899612,.12681726,36.853012,9.9883127,2.3025851,40.143753,2
140928,1,0,2007,32.881081,9.0461025,.11818932,29.642735,18.135477,2.3978953,44.109367,2
140929,1,0,2007,23.495188,9.1637526,.08318384,34.204865,17.09787,2.0794415,41.28619,2
140930,1,0,2007,12.81394,10.182791,.37917623,4.9398804,56.709423,2.6390574,13.644233,2
140931,1,1,2007,31.737951,10.095861,.62886316,5.3924012,48.829231,2.7080503,17.927954,2
140932,1,0,2007,20.393524,9.4641628,.16405219,12.958914,52.66148,2.3978953,25.261185,2
140981,1,1,2017,16.154633,10.412204,.37078673,10.642074,42.851868,3.8978736,20.455444,2
141021,0,0,2007,18.704985,10.106016,.26878545,11.037094,69.658432,3.1354942,7.5077949,2
141022,0,0,2007,14.203363,9.7945175,.48540962,5.509922,63.238441,3.4339871,10.650385,2
141023,0,0,2007,12.589548,9.8890867,.44369519,8.4532452,70.862602,3.8918202,7.0800805,2
141024,0,1,2007,13.128342,9.652401,.42299211,7.5691919,68.307777,4.2903972,6.8506379,2
141025,0,0,2007,22.535139,10.869157,.42175621,4.0072465,81.440842,2.1579635,8.2370129,2
141026,0,0,2007,33.486557,10.499377,.24666534,18.512625,57.282528,2.0794415,16.744797,2
141027,0,0,2007,14.12979,9.7590837,.38256282,10.982965,67.602341,2.5649493,13.228348,2
141028,1,0,2007,23.437593,9.1514635,.082718119,9.6424904,56.621181,2.3025851,15.204475,2
141029,0,0,2007,18.163292,9.926136,.54842019,3.4525828,76.194336,3.120677,11.305605,2
141030,1,0,2007,11.808678,8.6116724,.035653412,17.715502,34.593296,1.7917595,61.2477,2
141031,1,0,2007,10.989975,8.8234921,.074173771,24.776918,25.939993,2.3025851,35.45274,2
141032,1,0,2007,20.939232,8.602046,.035897695,39.799892,8.7596626,1.7917595,61.973553,2
141033,0,0,2007,13.454309,9.9868259,.395403,2.2620738,83.795288,2.3025851,8.382184,2
141034,1,0,2007,4.3275537,9.1586628,.19541474,5.3485169,65.224159,2.6390574,14.839177,2
141081,1,1,2017,9.3459902,10.771336,.36427006,3.7045803,27.017834,3.1835637,16.765028,2
141082,0,0,2007,14.214177,9.8801804,.56938511,4.1415358,71.595253,3.3898969,7.3168664,2
141121,0,0,2007,21.259506,9.0928526,.2499534,23.468422,49.616711,3.7455132,14.341625,2
141122,0,0,2007,23.764656,9.9997511,.64919639,4.7176108,70.914467,3.0445225,12.067911,2
141123,1,0,2007,50.878948,8.9396276,.10467695,25.130196,44.41259,3.331779,41.807205,2
141124,1,0,2007,31.426638,8.2724295,.075104848,20.549343,23.426886,4.0717435,47.071903,2
141125,0,1,2007,32.946243,10.680925,.53259033,1.6428431,80.634979,3.4230573,7.9854889,2
141126,1,0,2007,19.86529,8.2265339,.04990517,30.524734,23.638765,2.3978953,82.548798,2
141127,1,0,2007,11.33191,8.7381601,.117052,13.326457,52.357353,2.8713191,29.547907,2
141128,1,0,2007,33.394623,9.2812567,.11963453,15.904816,53.352955,2.6390574,48.204899,2
141129,1,0,2007,26.385654,10.325291,.39089856,2.2157545,80.94577,2.6390574,10.427995,2
141130,0,0,2007,21.901094,9.9197655,.45127952,3.6452072,82.066063,2.3978953,9.0412683,2
141181,1,1,2017,2.2896225,11.20774,.62370533,3.2618623,63.849495,3.8910005,8.4095373,2
141182,0,0,2007,19.280474,9.8646469,.4269526,7.9978127,49.925369,3.7053411,8.5155706,2
210123,0,0,2007,,9.6928282,.27848062,41.256111,28.642292,3.5553482,8.984478,1
210124,0,0,2007,,9.7011881,.30389151,34.082764,38.488739,3.8066626,7.5756683,1
210181,0,1,2007,,9.5033827,.42331374,26.926374,39.025024,4.2436991,4.1870494,1
210224,0,1,2007,,10.605148,.34869063,71.362679,7.9936476,2.0349312,11.230831,1
210281,0,0,2007,,10.416282,.67849636,17.405981,57.291931,4.6314769,5.2750645,1
210283,0,0,2007,,10.184749,.60791463,22.939095,52.659863,4.5181456,5.5416026,1
210321,0,0,2007,,9.9087734,.38350859,20.789888,48.355263,3.6375861,4.7357621,1
210323,0,0,2007,,9.5701799,.34693938,14.506773,49.200665,3.9382982,7.92206,1
210381,0,1,2007,,10.291705,.84324443,9.5856094,49.939281,4.7273879,4.6641836,1
210421,0,1,2007,,10.045551,.41731045,22.027588,46.232075,2.9444389,9.5941916,1
210422,0,0,2007,,9.3503628,.31743583,26.218805,36.785942,3.4339871,12.70185,1
210423,0,0,2007,,9.3379421,.31026572,26.544325,35.827507,3.5263605,14.386163,1
210521,0,0,2007,,9.9199514,.36189434,17.723539,48.264713,3.4011974,10.21929,1
210522,0,0,2007,,9.8382559,.32554942,21.140894,41.683712,3.4011974,10.395924,1
210624,0,0,2007,,9.9142294,.34589839,15.856142,49.806049,3.7841897,7.7505002,1
210681,0,1,2007,,10.375926,.5184558,19.070583,44.977825,4.1692195,4.5546722,1
210682,0,0,2007,,9.9610491,.53483123,14.472089,57.080517,4.0718393,7.39956,1
210726,0,0,2007,,9.3002729,.20652154,39.797554,29.607901,4.1431346,7.5461278,1
210727,0,0,2007,,8.9019108,.20539328,33.922253,34.281357,3.7841897,9.494545,1
210781,0,1,2007,,9.7885256,.48578721,32.502312,39.890068,4.0542493,7.6621757,1
210782,0,0,2007,,9.238636,.28127548,41.836014,22.548019,3.9702919,7.0351219,1
210881,0,0,2007,,9.3027372,.22379357,27.537315,41.21899,4.2904596,10.544415,1
210882,0,1,2007,,10.450076,.5127781,9.6691656,57.097683,4.2766662,5.1347103,1
210921,0,0,2007,,8.6882849,.22913258,54.842934,24.427938,4.2904596,16.037041,1
210922,0,0,2007,,8.6515493,.18913434,68.427605,15.444138,3.7296371,16.319395,1
211021,0,1,2007,,9.7134161,.43504202,15.630172,50.691933,4.0943446,6.2322521,1
211081,0,0,2007,,9.6952324,.55762148,15.111426,50.296486,3.9318256,5.8972406,1
211122,0,0,2007,,9.912447,.38093409,38.178856,39.149204,3.3672957,7.2269793,1
211221,0,1,2007,,9.8821621,.45321646,37.683273,41.238308,3.6549032,8.5507212,1
211223,0,0,2007,,9.1694145,.19507356,38.206486,26.008615,3.5553482,13.796804,1
211224,1,0,2012,,,.27334759,28.22876,32.594986,4.6443911,9.7037468,1
211281,0,0,2007,,9.3557386,.53356332,10.694143,49.51041,3.1780539,11.653228,1
211282,0,0,2007,,9.8327427,.43133596,31.962955,37.916798,4.0718393,8.0594616,1
211321,0,0,2007,,8.8681316,.26522177,43.622978,24.513987,4.0985403,16.790276,1
211322,0,0,2007,,9.237566,.3671324,33.218391,36.779705,4.0604429,16.034054,1
211324,0,0,2007,,9.2034168,.21580413,38.011745,36.607128,3.7376697,16.744268,1
211381,0,0,2007,,9.304286,.34817994,33.484203,36.79623,4.1162043,14.12278,1
211382,0,1,2007,,9.419385,.34229133,23.444941,52.131645,4.1743875,9.1652613,1
211421,1,1,2010,,,.29738334,30.42259,25.928877,4.1645718,12.564192,1
211422,0,0,2007,,8.6869364,.23445143,30.557352,28.366344,4.1108737,17.682295,1
211481,0,0,2007,,8.7056627,.39719442,23.351894,31.324671,4.0193453,11.945067,1
220122,1,1,2005,13.060724,9.4749203,.35085109,39.439148,28.753838,4.7164116,4.730422,2
220182,1,0,2005,14.178707,9.4068108,.26190314,42.221348,17.307003,4.8071303,5.4463849,2
220183,1,0,2005,13.536416,9.7029905,.36140904,37.911755,25.48151,4.5150986,5.0086284,2
220221,1,0,2005,16.997509,9.3286514,.22501637,22.566359,40.842865,3.6903923,6.1702785,2
220281,1,0,2005,16.376379,9.5464001,.29546356,24.381796,33.846226,3.8375664,6.8178682,2
220282,1,0,2005,17.394442,9.84974,.28094512,21.95895,41.124615,3.8067362,4.914381,2
220283,1,0,2005,12.607126,9.2037678,.18706003,27.702665,30.320362,4.2024455,6.6811776,2
220284,1,1,2005,24.57806,10.45165,.33111611,24.22052,40.176014,3.9727581,5.2060523,2
220322,1,1,2005,25.3041,9.5790777,.2871449,53.801231,20.414043,4.4375,7.5248938,2
220323,0,0,2007,26.913696,9.8244114,.1915962,41.726395,21.114183,3.8501446,11.586535,2
220381,1,1,2005,18.736609,9.5392771,.40270811,50.525379,18.479218,4.6443906,5.7729893,2
220382,1,0,2005,23.88278,9.7091579,.40312472,29.700129,35.871563,3.6998169,9.1336145,2
220421,1,1,2005,23.518147,9.3689928,.23166275,38.936512,23.968361,3.7054083,12.211287,2
220422,1,0,2005,26.747835,9.3014803,.20029983,49.956192,19.139893,3.6596217,13.438364,2
220521,1,0,2005,26.346481,9.6506205,.33360946,18.351229,56.721966,3.1907482,11.89159,2
220523,1,0,2005,23.646631,9.2891235,.29123136,25.650503,44.48634,3.5616996,12.59794,2
220524,1,0,2005,22.06925,9.1138773,.39749715,39.169502,24.749006,3.5966713,10.950497,2
220581,1,1,2005,21.055212,9.7088556,.34913579,25.019007,32.39748,4.1218495,7.358654,2
220582,1,1,2005,27.182764,9.6732321,.242993,19.296469,36.478436,3.1356163,11.220933,2
220621,1,1,2005,23.812822,9.7072325,.2728858,28.756714,37.442513,3.4279387,12.234648,2
220622,1,0,2005,29.732189,9.4651003,.18924677,28.955322,41.55032,2.669538,24.857441,2
220623,0,0,2007,21.819262,10.011675,.15790591,26.514603,32.281502,2.1210599,26.463261,2
220681,1,0,2005,14.988419,9.7839594,.21774825,14.238146,48.699997,2.9229622,7.6059799,2
220721,0,0,2007,25.452332,10.759859,.34191182,28.111134,51.771313,4.0513229,7.8319306,2
220722,1,0,2005,31.25695,9.2887535,.18503386,62.237774,13.381199,4.1619492,10.718852,2
220723,1,0,2005,37.037048,9.8382292,.33686021,33.658199,40.623093,3.4052963,14.441209,2
220781,1,0,2005,28.913702,9.3551092,.3274928,56.9478,11.467768,4.3303585,7.286025,2
220821,1,0,2005,27.439533,9.4902754,.28664392,48.17178,25.016874,3.4384818,16.792734,2
220822,1,0,2005,20.830727,9.0062695,.2203688,46.07674,25.326271,3.5628338,16.191902,2
220881,1,0,2005,22.532173,9.1719236,.19128805,46.466824,24.293737,3.7798588,12.531405,2
220882,1,1,2005,18.843462,9.258296,.26745769,30.168427,34.234833,3.7463608,12.04334,2
222401,1,1,2005,19.018955,10.158316,.46453431,2.3953409,48.386833,3.7039945,15.24704,2
222402,1,1,2005,9.8674431,9.4066553,.33202162,4.5099649,53.326252,2.6090627,13.69944,2
222403,1,1,2005,13.113014,9.4893589,.35519001,23.703142,47.301281,3.8771544,11.269275,2
222404,1,1,2005,27.881248,9.7638311,.23864806,12.01909,49.132328,3.0688238,14.727114,2
222405,1,1,2005,13.537556,8.9421387,.17554821,19.765705,39.973671,3.2316546,25.383905,2
222406,1,0,2005,18.875757,9.1528683,.1819952,20.867464,37.142799,3.0789189,25.922844,2
222424,1,0,2005,19.76622,9.0442467,.19718711,26.800091,38.62743,3.2447593,23.709736,2
222426,1,0,2005,17.019241,9.3220291,.20076594,17.848398,31.45577,3.0740652,17.73292,2
230123,1,0,2007,22.331758,9.7103558,.30295491,31.610519,27.965761,3.6757898,13.753366,2
230124,1,0,2007,18.731268,9.4504232,.24226809,38.400879,18.942436,3.1037295,16.453707,2
230125,1,0,2007,16.802759,9.9332161,.28125933,29.913473,38.878471,4.1234665,6.9097419,2
230126,1,0,2007,17.188322,9.2859507,.12933508,57.541183,17.647676,4.2420645,10.623264,2
230127,1,0,2007,19.817589,9.4876804,.14941774,33.50486,28.784309,3.2852757,14.767385,2
230128,1,0,2007,19.492527,9.5022907,.15104598,39.54023,25.673412,3.1511309,16.162529,2
230129,1,0,2007,15.955305,9.2690411,.14265873,36.222061,27.144403,3.2790227,17.86574,2
230183,0,1,2007,14.242443,10.030882,.36237639,17.161646,42.036293,4.1223645,5.0550818,2
230184,0,1,2007,17.602356,9.7187281,.28836614,39.059757,22.702061,4.5771079,6.3610811,2
230221,1,0,2007,20.880863,8.9423113,.12431572,53.82254,20.540171,4.1083384,16.977077,2
230223,1,0,2007,19.532019,8.979682,.12732381,54.681557,18.135088,3.8964205,13.114465,2
230224,1,0,2007,21.960512,8.8675632,.10009497,47.217365,16.913471,3.4695616,25.914299,2
230225,1,0,2007,20.023087,9.1470461,.11309053,45.962605,16.425535,3.6458502,16.244297,2
230227,1,0,2007,18.578518,9.2522221,.16709577,36.421822,38.908218,3.3476894,15.092604,2
230229,1,0,2007,17.528135,8.8942661,.11885597,45.727612,27.09606,3.8662608,14.516367,2
230230,1,0,2007,16.841974,8.8980465,.083907463,45.411797,28.348471,3.3555529,25.1098,2
230231,1,0,2007,17.878183,8.864768,.10943323,40.742737,18.551449,4.056458,14.073277,2
230281,0,1,2007,11.159595,9.1616306,.18926352,38.978302,16.9277,4.2730246,8.0674095,2
230321,1,0,2007,18.076759,10.000588,.26470217,27.554218,36.818878,3.3863974,8.7093964,2
230381,0,1,2007,18.650383,10.20049,.2956574,51.387779,17.911736,3.3841403,6.0984917,2
230382,1,0,2007,21.746784,9.8021173,.20137523,38.05183,27.798775,3.7665446,10.071369,2
230421,1,0,2007,21.163448,9.8909035,.24978442,53.713551,14.453962,3.120743,8.6033211,2
230422,1,0,2007,20.228008,9.6380253,.12056046,61.723404,10.242842,2.9310141,11.187963,2
230521,1,0,2007,25.802258,9.7825565,.20098467,37.079918,37.105434,3.459353,11.927305,2
230522,1,0,2007,21.455402,9.8813343,.13786782,36.873161,34.9809,2.5233037,10.49897,2
230523,1,0,2007,28.910446,9.9172974,.17044817,54.112999,20.500341,3.7379029,10.051362,2
230524,1,0,2007,22.719427,9.790288,.094988115,57.743149,12.090979,2.6497133,22.160639,2
230621,1,0,2007,38.324444,9.3850145,.37982872,40.053028,36.388317,3.7981355,14.169377,2
230622,1,0,2007,34.062374,9.5083418,.51777095,45.514839,28.790771,3.8240783,15.54475,2
230623,1,0,2007,28.525614,9.3200111,.34572014,51.064049,24.496609,3.3017232,16.369417,2
230624,0,0,2007,28.348188,9.6689653,.46445695,45.588261,29.00808,3.2215326,17.642597,2
230722,1,0,2007,15.535952,10.011331,.16097386,47.930267,25.185205,2.0670624,18.136482,2
230781,1,0,2007,15.497937,9.3292637,.15217832,33.85125,36.153778,3.6529899,10.251006,2
230822,1,0,2007,19.569908,9.2491417,.11407565,48.483135,20.342377,3.8032727,14.527856,2
230826,1,0,2007,17.341757,8.9466524,.083321273,54.088448,14.496408,3.0677357,29.223368,2
230828,1,0,2007,23.364613,9.491785,.10006499,47.708405,16.779278,3.2806597,16.529495,2
230881,1,0,2007,28.249157,10.019809,.089815021,60.912212,10.737949,2.8276825,15.688662,2
230882,1,0,2007,25.072849,9.834115,.14033273,55.650055,12.189977,3.8082719,9.4713182,2
230883,0,0,2007,20.33769,10.093765,.088001348,63.960701,5.2293596,2.2947772,19.529902,2
230921,1,0,2007,27.4617,9.5458813,.21163465,36.884621,27.71513,3.6099248,15.867836,2
231025,1,0,2007,24.417267,9.4255276,.17244151,32.751541,29.301945,3.7813771,11.712673,2
231081,0,1,2007,11.853009,11.027047,.49621567,1.0175737,13.383347,1.8031549,17.815279,2
231083,1,0,2007,25.152025,9.9403343,.28330773,22.179813,48.110077,3.7784083,8.2017536,2
231084,0,1,2007,24.120356,9.8407688,.19358882,31.099262,35.119347,3.7559958,8.9814653,2
231085,1,0,2007,27.104095,10.160732,.21161501,15.481536,46.042889,3.4732678,8.3001013,2
231086,0,0,2007,28.242441,10.415455,.34871525,22.894436,23.69478,3.0373478,10.833938,2
231123,1,0,2007,16.364279,9.413106,.063062131,49.241035,14.781095,2.337182,23.75094,2
231124,1,0,2007,20.890289,8.7154779,.067922637,35.652966,10.692051,2.3358345,49.535412,2
231181,1,0,2007,20.011442,9.2465639,.1729257,38.29538,18.855522,3.8570707,16.620487,2
231182,1,0,2007,22.068407,9.3608599,.078814834,54.17807,10.698897,3.6005905,16.884153,2
231183,0,0,2007,22.157906,9.781559,.23228946,47.678677,20.09763,3.9145525,8.4865913,2
231221,1,0,2007,22.012711,8.778327,.080465294,55.239891,13.396192,3.8973427,16.604816,2
231222,1,0,2007,19.925947,8.3897104,.091792561,52.798748,15.963425,3.870599,29.863918,2
231223,1,0,2007,22.877478,8.4502831,.060206901,51.170361,21.367189,3.7728958,29.418118,2
231224,1,0,2007,16.534903,8.9986067,.15842853,43.153587,25.84721,3.6855347,11.921865,2
231225,1,0,2007,25.003353,8.5805426,.085068531,34.475285,31.581934,3.5683479,29.377934,2
231226,1,0,2007,22.438637,8.9052296,.085552208,54.839676,10.714364,3.4920354,17.511631,2
231281,0,0,2007,27.862438,10.302071,.47497672,23.113722,33.871548,3.9461005,6.674263,2
231282,0,1,2007,18.583063,10.223681,.38027328,23.107796,37.341778,4.5182252,5.8798022,2
231283,1,0,2007,16.960119,8.7679882,.10296009,49.017162,19.460985,4.4131565,13.620926,2
232701,0,0,2007,24.465574,10.106607,.37687066,38.731152,24.359198,2.1266372,7.4365554,2
232721,0,0,2007,24.728889,9.6885281,.10638227,47.789787,18.699219,1.6094379,29.474802,2
232722,0,0,2007,20.807808,9.5362558,.26909965,36.292381,19.556143,2.2985606,11.102699,2
320281,1,0,2007,12.283876,11.651168,1.0300542,2.0808251,62.8423,4.7758522,5.8949842,1
320282,1,0,2007,14.636024,10.958557,.99627197,4.5196366,60.296448,4.6622744,4.7454114,1
320321,1,0,2007,26.946766,9.4035711,.28456342,32.116192,37.144421,4.7106466,10.607436,1
320322,1,0,2007,22.390219,9.9999008,.51935273,22.390856,44.482113,4.7945642,6.6239071,1
320324,1,0,2007,35.593384,9.464941,.28750479,32.505013,36.130268,4.8895473,10.852554,1
320381,1,0,2007,29.425083,9.876627,.3683705,26.773254,40.004295,4.5815353,8.7227459,1
320382,1,0,2007,28.119709,9.8568249,.50836563,28.79011,40.028835,5.0974746,7.5885959,1
320481,1,0,2007,18.915194,10.793337,.82674056,8.7849779,56.881283,4.3477206,6.0920997,1
320581,1,0,2007,8.7672043,11.429643,1.0112503,2.3628871,60.157272,4.6525517,5.347909,1
320582,1,0,2007,9.9501429,11.716379,1.0175135,1.763481,64.954727,4.475553,6.4052162,1
320583,1,1,2007,2.4939258,11.866483,1.0954609,1.5178907,68.109657,4.1786141,5.9536171,1
320585,1,0,2007,9.7128506,11.484103,.95710671,5.0629988,60.56369,3.8239744,6.5101752,1
320623,1,0,2007,21.522615,10.309984,.50379843,20.484446,46.533077,4.679894,6.2381835,1
320681,1,0,2007,20.676334,10.542186,.72620344,16.04508,50.121632,4.7265258,4.8602018,1
320682,1,0,2007,26.851746,10.193716,.54022038,15.400908,50.485363,4.9569268,6.8119931,1
320684,1,0,2007,20.637825,10.746399,.81881171,9.9274635,57.016941,4.6191669,4.2616491,1
320685,0,0,2007,21.864153,10.454994,.65267229,16.612089,49.91724,4.5585589,5.300468,1
320722,1,0,2007,26.568741,9.6857052,.39577302,32.287544,35.902065,4.7507429,9.0610924,1
320723,1,0,2007,35.366005,9.4670525,.33347958,36.580391,34.154633,4.6690302,11.017315,1
320724,1,0,2007,35.165478,9.704318,.37121513,32.28019,37.066929,4.3079557,12.238049,1
320826,1,0,2007,27.264566,9.5943365,.27144992,35.334301,35.700657,4.6569667,9.3628988,1
320830,1,0,2007,24.326221,9.8814135,.40957963,27.991463,43.194969,4.3093991,8.0985947,1
320831,1,0,2007,24.082689,10.101464,.43977347,26.38406,39.57143,3.5830302,8.3646441,1
320921,1,0,2007,28.525312,9.874671,.42572331,30.563822,39.765388,4.0651398,9.7463474,1
320922,1,0,2007,24.437147,9.688693,.36148033,28.22031,41.175102,4.697268,8.6022511,1
320923,1,0,2007,25.52005,9.795557,.39976349,25.895769,43.146358,4.6719198,8.4822321,1
320924,1,0,2007,18.887386,10.007408,.49288431,28.449081,41.235218,4.6491852,6.1987882,1
320925,1,0,2007,21.516514,10.18412,.57061046,19.795761,46.690239,4.3870068,6.526372,1
320981,1,0,2007,21.932533,10.291891,.63998473,24.396166,43.713081,4.7503643,5.0118585,1
321023,1,0,2007,25.439104,10.10996,.44107533,24.208004,44.382664,4.524065,7.7905793,1
321081,1,0,2007,22.152239,10.625161,.95710748,7.3956776,65.12767,4.0848503,6.5090632,1
321084,1,0,2007,22.341492,10.241898,.55895424,23.595242,44.274815,4.415421,6.1462655,1
321181,1,0,2007,15.20619,10.92155,.92927212,5.9205909,58.364315,4.3864722,4.3100352,1
321182,1,0,2007,14.583525,11.09012,.84384865,3.2767653,61.230446,3.3070061,5.1467485,1
321183,1,0,2007,17.20919,10.455438,.68281561,10.17161,57.743694,4.0635366,5.7272973,1
321281,1,0,2007,26.426325,10.074024,.50080812,24.426647,43.006802,5.041163,7.0173702,1
321282,1,0,2007,26.61482,10.882628,.95062405,6.2766194,56.174896,4.1953435,6.3441296,1
321283,1,1,2007,22.949984,10.323055,.71805781,12.660385,54.050575,4.8532534,6.4278698,1
321322,1,1,2007,30.667496,9.6130857,.41039497,32.223316,38.999504,5.1725044,8.3895931,1
321323,1,0,2007,27.644426,9.786027,.30398372,31.802406,38.802547,4.5600924,10.029739,1
321324,1,0,2007,25.154518,9.681138,.29208469,33.873798,36.049194,4.5958509,9.8259106,1
330122,0,1,2007,13.928175,10.703568,.73582166,10.137145,63.222828,3.6776466,6.383266,1
330127,0,1,2007,15.696498,10.042667,.42312491,21.151659,36.895725,3.8116863,10.59251,1
330182,0,1,2007,14.384351,10.427502,.77612126,14.944913,55.441257,3.92855,6.7848039,1
330225,0,1,2007,14.343063,10.726922,.67856723,19.087074,47.277851,3.9643521,7.3618646,1
330226,0,1,2007,14.04349,10.616924,.64266628,12.770435,55.145241,4.070951,8.5729637,1
330281,0,1,2007,12.851008,11.039906,.81692785,7.6473532,58.993904,4.4142513,7.3520041,1
330282,0,1,2007,13.937609,11.076844,.81419677,5.7320209,61.012592,4.6205425,7.3282394,1
330324,0,1,2007,11.050756,9.9139118,.74740607,4.2856259,62.895054,4.49265,7.0061727,1
330326,0,1,2007,13.582649,9.9452896,.60806018,7.5234509,51.250206,4.4413552,7.0391879,1
330327,0,1,2007,12.806158,9.7865477,.5759905,9.8699236,47.154392,4.8144536,7.4860821,1
330328,0,1,2007,14.657309,9.1622324,.26323617,15.135486,28.877604,3.5970309,22.411081,1
330329,0,1,2007,14.720345,9.1941757,.24435437,13.995239,35.485443,3.5503774,26.129333,1
330381,0,1,2007,12.268842,10.446681,.95791578,4.2128248,55.007385,4.7338409,5.873003,1
330382,0,1,2007,12.347872,10.506591,.88732731,4.3897815,61.370754,4.7633171,6.001687,1
330421,0,1,2007,17.882895,10.977958,.92710739,9.9298239,57.91481,3.6396015,5.8540087,1
330424,0,1,2007,11.129101,10.961702,.84392673,7.982955,68.433357,3.5971279,4.0890651,1
330481,0,1,2007,15.501989,10.982438,.92912334,6.1211214,62.261745,4.1656289,5.298553,1
330482,0,1,2007,15.108245,10.981235,.9219259,6.349802,64.463203,3.8783281,5.8175879,1
330483,0,1,2007,16.304661,10.849023,.94419152,7.1672215,57.058872,4.1953444,5.5046329,1
330521,0,1,2007,14.512139,10.810282,.9339782,9.1881142,59.905045,3.7474623,6.8456779,1
330522,0,1,2007,15.218499,10.606697,.94924116,11.051733,55.095215,4.1247625,7.0480833,1
330523,0,1,2007,16.17178,10.48665,.68006426,11.90233,50.845127,3.8121009,7.4130239,1
330624,0,1,2007,13.768328,10.699484,.75829005,8.190876,58.67152,3.7713039,5.2463517,1
330681,0,1,2007,14.201595,10.862334,.97374237,7.7253461,61.050594,4.6601,4.3347621,1
330683,0,1,2007,14.976197,10.411937,.8069495,11.529458,55.784286,4.2961054,4.900722,1
330723,0,1,2007,16.595312,10.414701,.64052784,10.76665,55.808556,3.4936705,9.6216908,1
330726,0,1,2007,13.379038,10.311882,.76099128,6.812705,62.605534,3.6431811,7.1196938,1
330727,0,1,2007,14.295845,9.9242048,.38557813,18.377632,53.452942,3.0246341,16.938028,1
330781,0,0,2007,15.495298,10.089459,.6876725,9.7564011,59.275711,4.1878276,6.7195916,1
330782,0,1,2007,14.417383,11.229425,.97199452,3.2431695,48.153393,4.2448115,6.814765,1
330783,0,1,2007,12.497234,10.369727,.76541102,5.3696017,59.501705,4.3790536,5.3707366,1
330784,0,0,2007,13.856612,10.779702,.95052272,3.3607004,66.134117,4.0056596,6.0968285,1
330822,0,1,2007,19.976675,9.9753847,.43410686,14.880595,48.330536,3.4810343,14.43363,1
330824,0,1,2007,16.694538,9.7644253,.32474795,22.375624,43.3545,3.540273,14.11905,1
330825,0,1,2007,19.466869,10.14643,.53463423,14.488242,50.809021,3.6947594,10.063544,1
330881,0,1,2007,17.770075,10.118123,.61511368,16.040657,50.67181,4.0611787,8.1716595,1
330921,0,1,2007,23.592527,10.88508,.35645282,26.255713,34.993118,2.9717491,10.429113,1
330922,0,1,2007,8.2201605,11.128108,.47244874,19.942621,44.513481,2.0918498,11.844995,1
331022,0,1,2007,15.858126,9.9903135,.47050369,20.702013,42.28989,3.7132111,11.690714,1
331023,0,1,2007,13.122509,9.8333282,.53160435,9.6738033,48.495686,4.0241508,10.758553,1
331024,0,1,2007,13.970698,9.8103695,.47007576,11.480281,47.995483,3.8587103,10.175647,1
331081,0,1,2007,13.358615,10.69941,.86237776,8.9748402,53.39146,4.7466936,4.8243189,1
331082,0,0,2007,13.914655,10.134414,.73572952,9.7699537,53.849468,4.7183609,6.8251266,1
331083,0,0,2007,14.359298,11.101763,.80366689,8.4362087,61.921902,3.6854291,6.0945201,1
331121,0,1,2007,19.613525,9.9479046,.51626778,7.8129234,56.834743,3.8687437,14.467677,1
331122,0,1,2007,19.696419,9.9919128,.46486101,10.885853,53.805557,3.7827406,10.372861,1
331123,0,1,2007,15.283813,10.010571,.51795399,16.382568,49.04427,3.1281972,13.663137,1
331124,0,1,2007,18.735943,9.7986889,.35036489,28.312586,34.053284,3.0925672,15.722958,1
331125,0,1,2007,14.878205,10.175299,.38617399,14.431363,50.564388,2.3951275,17.628426,1
331126,0,1,2007,17.594296,9.5584564,.21146907,23.794306,35.44981,3.0331748,22.541906,1
331127,0,0,2007,17.447836,9.5928755,.2890228,21.408226,38.155197,2.866281,28.320612,1
331181,0,1,2007,18.139687,9.8658028,.3591288,20.000896,40.228935,3.3282418,13.7012,1
340121,1,0,2004,36.485538,8.7954826,.45183206,48.61771,27.315115,4.5831895,12.924057,2
340122,1,0,2004,27.162464,9.0385122,.5477224,36.881374,28.970373,4.6829662,9.1689796,2
340123,1,0,2004,36.192192,9.1678743,.52599573,37.522873,35.501938,4.5666237,11.902851,2
340124,1,0,2004,17.868328,8.462431,.53222835,51.198982,20.008799,4.7777104,10.952705,2
340181,1,0,2004,16.371552,9.0557957,.52631187,26.439688,39.449745,6.1146512,7.4527464,2
340221,1,0,2004,27.574339,9.2116003,.57641089,38.46376,28.832777,3.9878659,10.452838,2
340222,1,0,2004,29.337957,9.5210228,.63794363,23.140112,45.856255,3.8314168,8.992506,2
340223,1,0,2004,24.97261,8.9900646,.52498806,37.202637,31.10903,3.9985492,10.589643,2
340281,0,0,2007,21.840916,9.4665298,.36592045,27.500595,37.681892,4.9398537,8.9864693,2
340321,1,1,2004,19.673559,8.6928625,.49017841,36.791477,32.293629,4.8688107,7.3347855,2
340322,1,1,2004,20.664289,8.9047756,.50001842,47.15554,23.247932,4.2497697,7.8259659,2
340323,1,0,2004,19.621965,8.9827623,.4498457,43.449173,28.660576,4.1613436,7.7614222,2
340421,1,0,2004,26.54356,9.4974861,.65330625,27.29917,35.544563,4.2385516,7.4450798,2
340422,1,0,2004,,,,,,,,2
340521,1,0,2004,29.654913,9.3329334,.58530396,38.760784,27.828596,4.2048664,7.9825625,2
340522,1,1,2004,16.05304,8.969779,.55870581,33.286774,35.244183,3.784271,8.5654497,2
340523,1,1,2004,19.460735,8.8309689,.57856715,38.691837,30.637936,4.1758375,8.634553,2
340621,1,0,2004,19.122173,8.5147066,.50456417,41.450218,20.760717,4.7845092,9.6996841,2
340722,1,1,2004,,,,,,,,2
340822,1,1,2004,17.082251,8.9619904,.57671177,30.117981,37.655167,4.3647957,8.5024128,2
340825,1,0,2004,15.654012,8.6306944,.4487718,42.206364,21.671274,4.0286498,11.372279,2
340826,1,1,2004,18.817308,8.6257286,.46574515,39.532963,25.817678,4.3795795,9.3533545,2
340827,1,1,2004,18.46314,8.4698515,.4663249,35.814884,30.925364,4.0942802,11.557354,2
340828,1,1,2004,19.680254,8.6043758,.32603538,35.991222,29.806658,3.6893866,15.800753,2
340881,1,1,2004,16.470413,9.1089239,.57511443,23.756618,45.183212,4.3525162,7.6186943,2
340882,0,0,2007,22.437294,9.2695217,.25529337,24.257513,40.710663,4.047636,12.63777,2
341021,1,1,2004,18.820442,9.2199297,.47816223,18.137945,38.725971,3.9113598,10.255381,2
341022,1,1,2004,16.480976,9.0817976,.45287564,34.592026,25.468199,3.3100317,11.059438,2
341023,1,0,2004,19.815971,9.16395,.39548206,31.997204,30.056696,2.2711968,18.694271,2
341024,1,0,2004,18.147198,9.2688494,.46568021,22.403975,34.962055,2.9220271,13.160535,2
341122,1,1,2004,13.370607,9.0452251,.48163667,27.817875,40.037815,3.8789389,6.3371954,2
341124,1,1,2004,7.6209831,9.0010843,.49930665,27.488596,39.97633,3.8146522,6.4063935,2
341125,1,0,2004,10.017455,8.5541124,.49367771,31.113819,32.6469,4.5048118,6.5386,2
341126,1,1,2004,12.373374,8.7795887,.47541639,27.013927,40.022476,4.2674823,7.1899304,2
341181,1,1,2004,16.651621,9.3904972,.61190295,24.761856,44.037266,4.1184788,5.6268926,2
341182,1,0,2004,7.0112944,8.8355455,.48976967,26.475414,41.549961,4.1529441,6.3279066,2
341221,1,0,2004,14.934362,7.9747391,.39298797,46.806576,22.838163,5.2465229,10.383371,2
341222,1,0,2004,15.17889,8.2123022,.48660907,42.335705,19.607752,5.0324702,9.1591434,2
341225,1,0,2004,15.854813,7.979641,.40550026,52.4324,13.312967,4.9960108,10.932317,2
341226,1,1,2004,26.692541,8.1778755,.4108302,40.613914,20.669041,5.013936,10.716872,2
341282,1,1,2004,11.48287,8.5330601,.44829753,28.807428,30.024635,4.3000798,7.1423645,2
341321,1,1,2004,13.078423,8.4474134,.37556157,48.814159,20.898434,4.5062714,8.518549,2
341322,1,1,2004,18.857708,8.492156,.44440851,42.802376,24.951485,4.8587775,8.4260111,2
341323,1,0,2004,11.581501,8.4974222,.47325158,57.01088,17.463982,4.7314863,7.0170159,2
341324,1,0,2004,17.304338,8.6450148,.45885631,61.666969,17.860317,4.4389348,7.6401348,2
341522,1,1,2004,22.393679,8.3321314,.45751512,41.044262,29.347767,5.0981994,11.545211,2
341523,1,0,2004,18.718599,8.5650024,.50769871,31.594603,36.968521,4.5932078,11.314694,2
341524,1,1,2004,18.094357,8.5392265,.30014661,34.620281,38.119358,4.1576538,13.778958,2
341525,1,1,2004,20.596718,9.2324057,.46185625,19.696281,55.52142,3.5998569,11.528819,2
341621,1,1,2004,17.833845,8.5148172,.54792774,48.034214,21.674976,4.924778,8.1824808,2
341622,1,1,2004,15.382764,8.5646696,.54844236,49.866035,20.164286,4.7698917,7.6885223,2
341623,1,0,2004,19.300304,8.2465258,.39523965,52.467182,15.110718,4.935308,10.823042,2
341721,1,0,2004,15.271544,8.7419672,.42699671,34.047981,32.617764,3.9745843,10.293172,2
341722,1,0,2004,23.158773,8.5273838,.18901096,39.113224,25.643543,2.4044735,31.558046,2
341723,1,1,2004,18.254698,8.8373575,.39572912,26.686535,38.027267,3.3327279,13.487074,2
341821,1,1,2004,23.5646,9.0800304,.34695768,34.858475,33.924324,3.5121419,9.7972717,2
341823,1,0,2004,10.789146,8.9758701,.39692718,22.384733,37.669025,3.580003,8.6170139,2
341824,1,0,2004,16.702799,9.2295532,.3608149,28.765955,35.451778,2.8352854,10.870875,2
341825,1,0,2004,14.874867,8.9549351,.34493908,35.453445,34.004692,2.7744896,13.754858,2
341881,1,1,2004,16.028095,9.8241606,.6343112,17.572559,46.048317,3.6361899,6.764287,2
341882,0,0,2007,18.956388,9.727273,.43899202,18.455948,39.859947,3.9182332,10.13243,2
350121,1,0,2002,7.7017574,9.6872129,1.0328662,17.884279,56.970535,4.121706,3.4668205,1
350122,1,0,2002,7.1852555,9.5755959,.91152012,36.446636,26.739048,4.123013,3.3867755,1
350123,1,0,2002,8.1079159,9.6897469,.57249904,31.754747,47.546356,3.2311988,5.691134,1
350124,1,0,2002,7.831728,9.7141552,.79374361,18.95299,52.977779,3.4139488,4.8325043,1
350125,1,0,2002,6.401865,9.058877,.49119049,40.825363,20.243811,3.5819879,6.241868,1
350128,1,0,2002,10.556349,9.1661005,.4903776,38.34063,12.621543,3.6545463,5.2237015,1
350181,1,0,2002,7.5971317,10.008718,1.050343,15.343805,56.99382,4.7860718,2.4596972,1
350322,1,0,2002,13.029634,8.8479042,.6447593,19.514614,43.789738,4.606667,5.6083918,1
350421,1,0,2002,11.987136,9.3254547,.49186516,36.339043,27.173521,2.4488468,7.9813776,1
350423,1,0,2002,13.219852,9.0960636,.54770827,43.8088,23.716,2.6837573,8.3484592,1
350424,1,0,2002,12.674882,8.7785311,.4889282,42.829895,24.363436,3.5454421,8.259491,1
350425,1,0,2002,12.119643,8.9725981,.6196124,38.055176,35.884781,3.6031837,6.5849113,1
350426,1,0,2002,13.154567,9.2751532,.74028009,48.753613,28.056131,3.7405224,5.710535,1
350427,1,0,2002,11.518672,9.6812286,.86257327,28.268879,41.655441,3.1724119,5.4819775,1
350428,1,0,2002,11.432336,9.4742527,.79352295,31.643587,39.16301,2.8136106,5.7812209,1
350429,1,0,2002,12.456824,9.6896667,.59700894,34.875999,35.616196,2.5376568,6.2574167,1
350430,1,0,2002,12.360162,9.2663584,.39192706,44.09362,19.186899,2.6741486,7.467227,1
350481,1,0,2002,8.4013081,9.9420538,1.0818861,13.814217,46.657974,3.461194,4.9146414,1
350521,1,0,2002,8.7966738,9.9176025,.90239227,12.231756,55.829914,4.5170474,3.4607759,1
350524,1,0,2002,12.37065,9.3981934,.7385,12.511124,51.74078,4.6554823,3.9864483,1
350525,1,0,2002,11.862371,9.6807003,.86973178,16.191967,42.742058,4.003871,4.5801458,1
350526,1,0,2002,9.068449,9.7734108,.82230413,13.020679,53.646538,3.4108167,5.8593655,1
350581,1,0,2002,3.6887672,10.448708,1.0999789,5.2783728,53.933464,3.3928237,3.5928485,1
350582,1,0,2002,3.676477,10.422107,1.2682493,3.7407763,55.164341,4.6245804,2.2040677,1
350583,1,0,2002,10.242393,9.5717745,1.0850155,8.3845806,54.14967,4.99437,2.8416858,1
350622,1,0,2002,.92711478,9.0302954,.73130989,28.288578,33.450005,3.7153964,6.2349782,1
350623,1,0,2002,2.112325,9.1745758,.8651194,25.21138,37.962997,4.3877602,4.0105538,1
350624,1,0,2002,1.7050478,9.0490694,.69801414,35.553017,35.708012,4.0405021,3.9683046,1
350625,1,0,2002,4.0362701,9.6391306,.81721938,22.741447,41.511505,2.9327922,3.3862529,1
350626,1,0,2002,.24593964,9.7503519,.85845208,30.428608,35.863434,3.0086479,3.786901,1
350627,1,0,2002,5.2403054,9.6225519,.90889895,29.912193,38.969849,3.5313458,4.5615745,1
350628,1,0,2002,5.8219953,8.969286,.69929194,39.055962,26.509497,4.000948,6.4688568,1
350629,1,0,2002,7.7460184,9.2924929,.62953967,38.78624,28.736217,2.7760203,6.6497374,1
350681,1,0,2002,10.947942,9.7760553,1.0915432,19.96624,48.179531,4.3569002,3.010035,1
350721,1,0,2002,8.8130283,9.2184687,.75174475,25.000492,36.447224,3.1871781,6.2591944,1
350722,1,0,2002,16.941872,8.6978874,.50447506,42.960945,28.332956,3.6962256,9.3026381,1
350723,1,0,2002,13.012681,9.095026,.45722926,34.016556,27.411514,2.7418067,8.2692957,1
350724,1,0,2002,6.0207291,8.8948116,.36777401,37.374397,27.891689,2.760325,7.9895058,1
350725,1,0,2002,12.745141,8.5034666,.30337873,39.46014,26.80225,3.0844276,11.761129,1
350781,1,0,2002,10.210652,9.6303949,.894333,25.036448,35.785461,3.4076762,5.0088434,1
350782,1,0,2002,12.370533,9.42381,.69134653,24.267323,25.801382,3.0733798,6.7579737,1
350783,1,0,2002,7.4961448,9.0547009,.72469896,28.375336,30.223923,3.9419692,4.6586728,1
350821,1,0,2002,14.195089,8.7279949,.39465263,42.244305,24.841059,3.8906944,7.9902749,1
350823,1,0,2002,17.755045,9.0457134,.57647741,38.623154,29.833458,3.8750472,7.5917106,1
350824,1,0,2002,12.261762,8.9439163,.48064163,36.236481,33.650448,3.5963516,8.8981857,1
350825,1,0,2002,12.370297,9.0895834,.35374069,34.216507,30.180552,3.4913425,7.5058508,1
350881,1,0,2002,10.107017,9.5455685,.82221299,21.049465,33.550755,3.3112726,4.7491417,1
350921,1,0,2002,10.706273,9.1378565,.47733504,39.497044,26.219757,3.9345632,5.1971159,1
350922,1,0,2002,11.53401,9.0497265,.55243272,33.100857,32.43412,3.7533789,6.1988039,1
350923,1,0,2002,13.316474,8.9784098,.33559692,34.248055,29.695185,2.9000471,10.200548,1
350924,1,0,2002,12.059901,8.7600765,.27894035,37.749054,35.076664,3.2353387,8.938406,1
350925,1,0,2002,14.308465,8.7402496,.39297754,26.632357,41.219963,2.959322,10.152208,1
350926,1,0,2002,13.201644,9.2658701,.28877211,28.43071,38.155926,2.3050809,10.579611,1
350981,1,0,2002,14.748623,9.2829895,.64351004,23.456318,46.049225,4.0952597,5.3489895,1
350982,1,0,2002,11.932141,9.1674967,.70336425,27.462471,39.556648,4.024992,5.9842148,1
360121,1,0,2009,,10.370268,.54305416,15.184976,61.897045,4.5453558,8.1818161,2
360123,1,0,2009,,10.050082,.32818335,16.814062,42.961967,3.2881589,11.659972,2
360124,1,0,2009,,10.08243,.3007195,19.952507,51.371082,4.3642588,7.3230858,2
360222,1,0,2007,21.699207,9.518425,.3019388,28.59104,41.263725,3.3079596,13.021773,2
360281,1,0,2009,,9.7003498,.41073141,14.071346,52.796947,4.4211645,10.529332,2
360321,1,0,2005,13.18119,8.8964758,.2952415,27.833992,38.361301,3.1902695,16.978672,2
360322,1,0,2009,,9.8477039,.45487624,12.286529,63.457146,3.8415573,9.5864391,2
360323,1,0,2009,,10.035979,.39207119,13.360104,63.626114,3.339272,9.5451107,2
360423,1,0,2007,15.608378,9.2801523,.43132684,32.669456,41.058842,3.5738714,13.158071,2
360424,1,0,2005,10.699101,8.5181208,.39740029,34.796459,29.118744,4.3350906,13.305281,2
360425,1,0,2007,19.057224,9.4760809,.41812104,26.848127,38.347759,3.6109178,13.513249,2
360426,1,0,2009,,9.8746834,.40937164,13.501544,62.846802,3.0145257,16.522131,2
360428,1,0,2007,14.979904,8.367835,.30301002,33.43515,27.933615,4.3040042,22.259342,2
360429,1,0,2007,36.533546,9.5304241,.39043099,33.309879,40.006157,3.3079596,16.216349,2
360430,1,0,2007,16.340416,8.9786844,.34229341,35.148819,32.594147,3.5553482,15.987626,2
360481,1,0,2009,,9.4642248,.38294464,17.380352,60.553886,3.775768,15.835235,2
360482,0,1,2007,,,,,,,,2
360483,0,0,2007,25.733606,9.0369816,.40669701,27.485857,39.540146,,19.151308,2
360521,1,0,2009,,10.305559,.57106292,17.662958,57.760021,3.456193,15.855132,2
360681,1,0,2009,,10.336283,.76153785,7.6102858,73.638458,4.0394845,6.5611367,2
360722,1,0,2007,17.149158,9.1842079,.42003214,28.491505,37.791008,4.2144976,11.444073,2
360723,1,0,2009,,9.8465252,.44754848,16.903894,51.602768,3.3876672,11.42528,2
360724,1,0,2005,16.145334,8.8087425,.36341152,41.409508,29.843615,3.331012,16.956326,2
360725,1,0,2009,,9.8106089,.37544245,19.287922,56.057087,3.0006952,15.206643,2
360726,1,0,2005,16.248743,8.656929,.26634264,49.085918,15.798486,3.5466645,21.601124,2
360727,1,0,2009,,9.8311405,.54026514,18.577713,47.607956,3.4198158,12.866048,2
360728,1,0,2007,20.202129,9.4543095,.33260137,28.771873,33.186687,2.9957323,18.351849,2
360729,1,0,2007,14.564709,9.4458294,.34235293,29.966179,38.446095,2.9083941,14.364993,2
360730,1,0,2005,13.951506,8.8448925,.32301977,36.147644,33.136894,4.2692146,11.832247,2
360731,1,0,2005,18.462627,8.6457539,.37237242,32.767895,36.290344,4.5056753,14.460814,2
360732,1,0,2005,18.230713,8.7374535,.32546416,44.209961,32.097321,4.2871404,15.312279,2
360733,1,0,2005,16.291235,8.6899776,.31646886,43.427273,23.663977,3.7680871,14.709689,2
360734,1,0,2005,13.828222,8.8727455,.32969174,41.461559,17.521425,3.3921878,18.388439,2
360735,1,0,2007,16.650843,8.7748413,.24433435,44.968746,24.390039,3.4121273,20.61566,2
360781,1,1,2007,14.356392,9.0444946,.32482836,25.181337,28.792786,4.1271343,12.840834,2
360821,1,0,2005,19.331383,9.0927982,.46957672,35.228481,32.676266,3.7780733,13.349623,2
360822,1,0,2007,19.909861,9.0933323,.36895075,33.827377,37.022373,3.8780742,15.091475,2
360823,1,0,2007,20.097137,9.4333363,.41261876,38.237087,31.655195,2.7927969,16.718058,2
360824,1,0,2009,,9.6207666,.32474202,28.673552,43.067448,3.4424801,17.038174,2
360825,1,0,2007,19.284687,9.3305855,.3648051,30.904425,40.335876,3.7296371,13.761085,2
360826,1,0,2009,,9.4593525,.37931785,30.791452,41.242817,3.9664488,13.97564,2
360827,1,0,2005,17.888895,8.676405,.36793742,30.229992,34.852509,3.9563086,14.062201,2
360828,1,0,2005,19.911884,8.6798973,.39372379,44.972382,30.581823,3.3933275,21.18696,2
360829,1,1,2007,21.115707,9.4479427,.38624901,32.044407,36.969162,3.6375861,13.046948,2
360830,1,0,2005,14.877562,8.6806707,.28301787,39.462486,31.982685,3.8634732,17.70735,2
360881,1,0,2005,17.775555,9.3527412,.34823927,21.778858,35.570202,2.7102652,20.308064,2
360921,1,0,2007,16.208719,9.6810846,.40801996,26.651714,52.630615,3.4121273,12.41223,2
360922,1,0,2007,16.577379,9.1344662,.34416887,27.820505,43.823826,3.8571653,14.357129,2
360923,1,0,2007,17.7271,9.695775,.42381677,27.551111,43.003277,3.5456855,11.702833,2
360924,1,0,2007,19.345415,9.5329447,.34709623,30.656755,42.331905,3.3322046,14.809442,2
360925,1,0,2007,14.26366,9.4563379,.27930462,26.227465,38.99826,2.6390574,18.029135,2
360926,1,0,2007,15.433498,9.3764486,.29101393,27.517492,40.223682,2.5896521,18.289246,2
360981,1,1,2009,,9.6902008,.48389196,20.718487,46.703449,4.8915715,10.850497,2
360982,1,0,2009,,10.109429,.44602314,18.572554,54.477341,3.9889841,11.088826,2
360983,1,0,2009,,9.4318409,.36004341,24.065334,44.768135,4.3857036,12.71505,2
361021,1,1,2007,20.535568,9.456214,.38244519,26.603172,35.333702,3.4230573,11.710155,2
361022,1,0,2007,22.900135,9.1730652,.28337482,32.072227,37.461121,3.1916611,17.957624,2
361023,1,0,2007,19.501617,9.5808887,.33554164,31.925129,30.746265,3.3322046,10.725624,2
361024,1,0,2007,19.325586,9.4312439,.3066923,30.629049,40.141598,3.4759932,10.7285,2
361025,1,0,2005,16.639172,8.5021095,.18923622,40.55101,28.515867,3.5290887,20.224405,2
361026,1,0,2007,22.063379,9.0900011,.2591539,32.389343,39.127403,3.0445225,17.154505,2
361027,1,0,2007,19.606726,9.1741629,.24067181,31.582266,34.318447,3.3079596,15.468388,2
361028,1,0,2007,18.479099,9.3277426,.32946274,25.233519,41.014053,2.3978953,18.813232,2
361030,1,0,2005,20.142849,8.4640512,.19930901,37.561543,23.521969,3.1311178,40.679749,2
361123,1,0,2007,23.042362,9.0377293,.38420078,20.477156,48.584206,4.0133395,15.41457,2
361124,1,0,2007,14.722849,9.1827288,.42558578,26.052181,37.221581,3.7216046,11.78607,2
361125,1,0,2005,40.687138,9.2642517,.33990404,27.898619,40.686855,3.0234628,19.779999,2
361126,1,0,2007,19.192936,9.1650696,.34826261,27.867065,40.477413,3.6109178,16.466581,2
361127,1,0,2005,15.438973,8.4684687,.29815069,45.239662,26.792288,4.458499,24.318365,2
361128,1,1,2005,13.997511,8.2972622,.23370749,46.518681,22.827787,4.9366932,19.899939,2
361129,1,0,2007,19.889793,9.3023615,.36357799,26.554617,39.467892,3.6017849,15.315955,2
361130,1,0,2007,12.888585,9.3148746,.37234059,19.070066,41.883991,3.5263605,13.542298,2
361181,1,0,2009,,10.209196,.54938811,9.4134121,61.657593,3.4393206,11.163898,2
370124,1,0,2016,,,.65009779,14.396614,56.438118,3.6109178,9.9056234,1
370126,1,0,2009,,9.5718737,.31975895,39.824821,34.205757,4.1130524,9.5628252,1
370281,0,0,2007,13.386656,11.00933,.8135401,8.6263676,59.673634,4.3524079,4.1998324,1
370283,0,0,2007,14.317822,10.368803,.67903763,16.779959,50.804436,4.9077349,4.5306673,1
370284,0,0,2007,12.681569,10.916439,.87449723,10.516912,60.817139,4.3985391,5.0094008,1
370285,0,0,2007,13.565228,10.737248,.75337386,13.367002,48.890659,4.2766662,4.0115976,1
370321,0,0,2007,18.370726,10.915916,.70583349,6.6945744,67.190811,3.8985546,5.1511707,1
370322,1,0,2009,,10.295223,.61224037,18.705063,50.866486,3.5981617,8.6061001,1
370323,1,0,2016,,,.67525375,12.258351,45.647518,4.0312514,10.734287,1
370481,0,0,2007,16.313364,10.397797,.68073338,9.5041161,63.778923,5.0625815,4.4662113,1
370522,1,0,2009,,10.682552,.44545653,17.798964,60.538883,3.3978474,7.4091191,1
370523,0,0,2007,22.504786,11.164099,.63997799,11.392168,67.98822,3.8780742,5.3753471,1
370634,0,0,2007,20.111353,11.388964,.28814214,55.62368,11.239827,1.3862944,6.5093298,1
370681,0,0,2007,14.240973,11.439211,.86896569,6.6231256,62.454369,4.1431346,4.2026453,1
370682,1,0,2009,,10.475544,.76204252,11.797506,58.894356,4.4678183,3.7828026,1
370683,0,0,2007,13.83355,10.785484,.81668311,13.048882,55.870125,4.4543471,4.127027,1
370684,0,0,2007,14.261864,11.109367,.77675021,9.2813568,61.797752,3.8066626,5.1949191,1
370685,0,0,2007,16.319258,11.110595,.79274154,6.3366256,64.522247,4.0312514,4.5663357,1
370686,1,0,2016,,,.41074225,19.974287,42.695396,4.1051817,9.4891205,1
370687,0,0,2007,,,.7318719,24.732313,46.220711,4.2046928,4.9014759,1
370724,1,0,2016,,,.45920709,14.70603,44.50465,4.4885945,11.77469,1
370725,0,0,2007,18.346319,9.999176,.66141748,20.23789,52.38802,4.0887423,7.2165785,1
370781,0,0,2007,17.81015,10.336457,.63998646,12.492769,59.470856,4.4998097,5.4093571,1
370782,0,0,2007,16.181684,10.469661,.80852032,13.293048,61.792423,4.6696987,5.5578504,1
370783,0,0,2007,14.630445,10.56743,.87568378,15.574069,54.408764,4.6728287,5.4751477,1
370784,1,0,2009,,9.7942505,.45619339,20.316715,50.325451,4.6135068,6.7281766,1
370785,0,0,2007,20.11171,10.297449,.73062861,16.307257,60.159794,4.4582009,5.654129,1
370786,0,0,2007,17.738438,10.397949,.7620464,15.853167,58.566257,4.2195077,5.2912922,1
370826,1,0,2019,,,.79591185,11.509253,42.686569,4.2922854,9.1851006,1
370827,1,0,2019,,,.40245777,22.639246,37.716141,3.8738432,13.52529,1
370828,1,0,2009,,9.6706238,.32186446,29.964342,39.806805,4.123858,6.1938238,1
370829,0,0,2007,13.790112,9.6840219,.49191537,16.3713,54.444836,4.3736405,5.340086,1
370830,1,0,2019,,,.43382818,14.297956,45.12476,4.4039192,11.606073,1
370831,1,0,2009,,9.6031361,.38360161,24.919294,45.998672,4.1053638,7.0346174,1
370832,1,0,2016,,,.40783933,18.706348,50.084152,4.3777285,10.681347,1
370881,0,0,2007,12.270974,10.38358,.75705189,9.0560369,48.561089,4.1588831,5.4975481,1
370883,0,0,2007,14.229536,10.605307,.89293218,7.7088265,65.126389,4.7214618,5.239244,1
370921,1,0,2009,,10.057562,.52160531,19.781796,50.676102,4.3956814,6.9752202,1
370923,1,0,2016,,,.37857205,11.950109,47.6366,4.3861156,8.784337,1
370982,0,0,2007,18.244207,10.412368,.61035246,9.4665413,66.230949,4.9101949,7.0271611,1
370983,0,0,2007,18.774965,10.597322,.59593153,11.654902,62.169693,4.5678024,7.0496716,1
371082,1,0,2009,,11.445608,.77295446,9.8376255,60.14756,4.198184,5.8771138,1
371083,0,0,2007,9.9377298,10.839014,.81635386,11.54545,58.696568,4.0546455,4.7176166,1
371121,1,0,2016,,,.42681712,10.480931,59.216946,3.9447711,11.138431,1
371122,1,0,2009,,9.7308922,.31791902,21.521812,49.274151,4.7037973,6.2746196,1
371321,0,0,2007,12.184587,9.4676952,.39219728,20.277487,46.805359,4.5108595,6.4510932,1
371322,1,0,2009,,9.8188896,.47005728,13.76898,50.283092,4.5984702,5.8578463,1
371323,1,0,2019,,,.43252346,9.4458933,42.479549,4.7674518,12.17884,1
371324,1,0,2016,,,.37349766,18.327173,35.144051,4.9050355,11.485792,1
371325,0,0,2007,12.424112,9.809021,.44745195,17.072155,52.570705,4.528996,5.2455854,1
371326,1,0,2009,,9.6926689,.39258367,14.974838,49.008533,4.6014867,6.2343159,1
371327,0,0,2007,14.384727,9.7265015,.43845797,16.72847,44.881805,4.59512,6.0911498,1
371328,1,0,2016,,,.34817547,16.444752,38.295544,4.0252452,14.868593,1
371329,1,0,2019,,,.41667819,8.5796747,47.716415,4.2016692,13.882873,1
371422,1,0,2016,,,.42385381,12.051092,53.394459,3.9175448,8.3780556,1
371423,1,0,2009,,10.242497,.28079537,11.744621,44.999229,3.4045141,5.1584063,1
371424,1,0,2019,,,.62288624,12.22094,48.180038,4.0104938,8.6767855,1
371425,0,0,2007,19.124168,10.095878,.76871932,19.054291,53.049728,4.1162939,6.9930358,1
371426,1,0,2016,,,.44158441,13.600259,51.506096,3.8501475,8.7338314,1
371427,1,0,2009,,10.057745,.31187338,16.647764,51.849667,3.9179697,5.2853146,1
371428,0,0,2007,9.5874615,10.163221,.62486327,14.623691,56.816864,3.6198072,4.7296553,1
371481,1,0,2019,,,.37116688,15.355535,45.424664,4.2761993,11.415631,1
371482,0,0,2007,14.810196,10.13242,.56501395,18.011251,51.905674,3.9318256,5.6253638,1
371521,1,0,2016,,,.40004459,14.538717,56.484646,4.3903084,9.9451532,1
371522,1,0,2009,,9.7076759,.26148638,25.086788,48.070492,4.5954189,6.0986652,1
371524,1,0,2016,,,.58984303,10.622638,53.408661,3.6888795,10.267747,1
371525,1,0,2009,,9.8353996,.26726502,24.330997,51.113663,4.3306756,6.4808736,1
371526,1,0,2019,,,.53516626,8.5035248,63.9702,3.9350972,6.9376168,1
371581,1,0,2019,,,.55169839,6.6550655,56.002876,4.4188333,8.1849918,1
371621,1,0,2009,,9.7276344,.27118605,18.391478,54.221367,4.1457696,6.5818176,1
371622,1,0,2009,,9.846446,.30119249,19.521441,56.813492,3.7894509,7.7933402,1
371623,1,0,2016,,,.5967797,14.449356,51.631542,3.8499966,12.06264,1
371625,0,0,2007,17.254683,10.420917,.72654694,12.448903,59.972,3.8641832,6.7515917,1
371681,0,0,2007,17.789089,11.015617,.7568357,8.4394779,72.233429,4.2673421,6.008831,1
371721,1,0,2009,,9.0212727,.36201867,30.213617,47.614384,5.0166068,13.092907,1
371722,1,0,2016,,,.45249671,14.241368,51.439999,4.8147955,13.962077,1
371723,1,0,2019,,,.3039307,13.006702,52.408104,4.2891145,10.056377,1
371724,1,0,2019,,,.56417567,10.416031,52.59898,4.6938343,13.749028,1
371725,1,0,2016,,,.52945769,12.177727,55.144009,4.8308845,14.078552,1
371726,1,0,2009,,9.0761471,.31966114,34.557804,39.73204,4.4050593,13.670291,1
371728,1,0,2019,,,.40660059,8.5476236,58.836739,4.4645739,14.911633,1
410122,1,0,2007,22.305767,10.399105,.44424933,26.045387,45.637527,4.2252259,5.9236794,2
410181,1,1,2014,6.5123591,11.336251,.67536771,1.9046354,71.176552,4.4032125,7.3369813,2
410182,0,1,2007,17.57588,10.891119,.73042446,8.3855333,62.261711,4.0882702,4.7289195,2
410183,0,1,2007,18.079575,10.738178,.7147857,3.4660709,66.787354,4.3650155,4.7835336,2
410184,0,1,2007,14.6203,10.863812,.74636412,6.1714659,64.458267,4.1300845,4.3506455,2
410185,0,1,2007,22.625175,10.646604,.82178414,5.5184379,69.50177,4.158627,7.3431201,2
410221,0,0,2007,17.354107,9.484025,.25419259,48.739738,32.553162,4.6454067,6.5085831,2
410222,0,0,2007,20.587158,9.7512045,.27083138,41.247845,32.545414,4.087647,5.9880528,2
410223,0,1,2007,16.7999,9.9256182,.35782096,28.685591,51.735874,4.453486,6.3595042,2
410225,1,1,2014,10.226619,10.601015,.28594998,19.018505,47.31522,4.4215593,14.165037,2
410322,0,0,2007,22.746519,10.074083,.51157176,19.59697,52.642879,3.8113122,8.2435265,2
410323,0,1,2007,18.074173,10.75683,.62740982,8.6493101,76.045006,3.8995385,6.1506348,2
410324,0,0,2007,20.196762,10.582357,.73665404,12.977429,70.00563,3.4782486,9.3369837,2
410325,0,0,2007,22.109535,9.8163605,.29929864,31.778685,37.084843,3.9954994,10.645477,2
410326,0,0,2007,22.039877,9.7108994,.33178791,25.92844,43.971313,3.7476916,11.395791,2
410327,1,0,2009,15.691713,10.097405,.35791224,24.295393,43.21645,4.1910615,9.749651,2
410328,0,0,2007,25.003971,9.8544693,.2950463,34.492054,31.26877,3.7987697,10.792081,2
410329,0,1,2007,13.695606,10.296905,.71693623,12.230327,70.176147,4.3098812,5.8162336,2
410381,0,1,2007,18.853184,10.685555,.71307099,9.4115486,65.425919,4.4281421,3.9682798,2
410421,0,0,2007,21.816765,10.235463,.56853414,11.696053,55.959282,3.8853724,5.1019845,2
410422,0,0,2007,20.437605,9.5514441,.31429458,32.112293,41.327366,4.4574285,7.931366,2
410423,0,0,2007,17.103706,9.0410223,.296343,25.424927,38.43605,4.4357514,13.671517,2
410425,1,0,2009,10.440193,9.8670712,.34074074,20.078243,55.20108,4.020268,9.8080673,2
410481,0,1,2007,14.026539,10.400471,.682495,9.581687,67.023193,3.4665344,10.474418,2
410482,1,1,2014,6.5934458,10.656939,.48425981,11.391916,56.278019,4.6640301,9.1890974,2
410522,0,1,2007,24.235838,10.176483,.62146276,14.244528,60.12059,4.52702,7.1890392,2
410523,0,0,2007,20.954075,9.9903135,.30661157,26.123764,46.278858,3.8144019,6.3457098,2
410526,1,1,2014,8.6637831,9.9470816,.14994432,36.063103,40.4039,4.9018784,19.792879,2
410527,0,0,2007,16.944069,9.4882517,.22151574,47.541592,31.067049,4.2632346,7.9446774,2
410581,0,1,2007,28.25338,10.381013,.52285326,9.5843544,68.108566,4.591063,6.0083866,2
410621,0,0,2007,16.766653,9.4900208,.27008158,37.994843,45.144905,4.2021952,7.8884525,2
410622,0,1,2007,15.306017,10.578473,.40799883,21.675032,62.49221,3.2339551,4.8590069,2
410721,0,1,2007,22.075617,10.654718,.60307813,10.833981,67.519096,3.4564128,7.518342,2
410724,0,0,2007,13.662605,9.4530039,.34753001,22.723024,53.035957,3.684026,7.9663234,2
410725,0,0,2007,17.685217,9.2640619,.25805053,31.111132,41.359444,4.1859541,11.132366,2
410726,0,0,2007,18.925535,9.5897207,.31407073,29.098051,45.798042,3.8237174,10.040819,2
410727,1,0,2009,12.061707,9.305747,.18428904,38.83493,32.84771,4.3085508,13.919713,2
410781,0,0,2007,17.124796,9.5824623,.27954486,26.806679,34.352711,3.8881302,9.0644236,2
410782,0,1,2007,22.993383,10.034294,.51936567,15.302786,62.076805,4.3640246,6.7271895,2
410783,0,0,2007,19.057404,9.6467161,.4248639,21.904345,40.157616,4.3689737,7.7633452,2
410821,0,0,2007,7.3212647,10.296949,.61626095,15.003935,64.727135,3.3231137,6.2246847,2
410822,0,1,2007,13.467102,10.490328,.70301485,11.79229,63.803791,3.7553685,4.9550061,2
410823,0,0,2007,15.12479,10.155354,.51734716,18.530844,52.878174,4.1683068,5.9350986,2
410825,1,0,2009,10.180311,10.614627,.47148326,12.122062,65.829826,3.7417836,5.7397809,2
410882,0,1,2007,18.49128,10.724429,.68259615,7.9532857,60.852978,3.8390837,4.6379051,2
410883,0,1,2007,19.493382,10.645284,.66621059,10.335566,65.381424,3.6031377,6.3120899,2
410922,0,0,2007,21.155729,9.5641384,.25358728,37.168846,43.595901,4.1961112,8.7318535,2
410923,0,0,2007,20.741949,9.6810389,.20573443,36.658447,42.586651,3.8912702,7.8832726,2
410926,1,0,2009,17.887756,9.8862305,.20884988,17.624212,61.447929,3.9055922,11.42404,2
410927,0,0,2007,20.277256,9.5566969,.13003573,17.440634,57.536884,3.5462525,11.526439,2
410928,0,1,2007,20.123487,9.6417322,.34449244,24.104294,55.711525,4.6802444,9.0801268,2
411024,1,0,2009,11.85405,10.381464,.28083092,29.45326,47.219368,4.1451902,5.8815413,2
411025,0,0,2007,25.768038,10.165713,.37887129,26.670679,48.243454,4.3911066,5.6043692,2
411081,0,1,2007,18.636028,10.140435,.65876812,11.193179,65.560631,4.7852874,5.3159561,2
411082,0,1,2007,16.629887,10.472533,.55276811,10.48234,68.670509,4.2437148,4.0008216,2
411121,0,0,2007,18.174173,9.5866365,.26503232,25.65621,53.836548,4.0262332,9.534996,2
411122,0,1,2007,14.388354,10.068633,.33765021,22.353998,61.838009,4.2434735,4.6845064,2
411221,0,1,2007,18.079594,10.600533,.65602589,12.477707,66.810181,3.5102508,8.6273069,2
411224,1,0,2009,17.005627,9.5768061,.28479558,26.892166,28.46608,3.5967617,21.467367,2
411281,0,1,2007,25.322102,11.187967,.71369195,.93256301,82.147285,2.6435666,7.0491252,2
411282,0,1,2007,21.246923,10.521108,.55970013,10.637609,61.986244,4.2938318,4.3921328,2
411321,0,0,2007,13.609963,9.5643387,.30115116,18.772097,63.757854,4.1283069,7.1325083,2
411322,0,0,2007,13.982906,9.2496939,.29441556,40.206242,37.466381,4.6176181,8.1506042,2
411323,0,0,2007,20.267078,10.296147,.45292053,23.510855,56.621662,3.7732804,7.9565907,2
411324,0,0,2007,6.4938202,9.7430229,.34556806,15.814974,62.127773,4.562396,4.0345516,2
411325,0,0,2007,14.30991,9.6509781,.33877361,30.539618,47.077923,4.1601219,7.3489699,2
411326,0,1,2007,17.791225,9.7378731,.36466041,26.98584,54.89603,4.2975945,7.6573887,2
411327,0,0,2007,17.030857,9.4174099,.22255592,40.232246,32.719101,4.1666565,9.3770151,2
411328,1,0,2009,5.5618668,9.6875486,.26843479,34.183029,46.4729,4.8814793,7.768682,2
411329,0,0,2007,18.373674,10.031791,.37797931,29.325092,49.894657,4.3045049,4.4512453,2
411330,0,0,2007,17.037825,10.023216,.35541055,25.191002,57.523468,3.7731283,7.869163,2
411381,1,1,2014,7.8749194,10.1884,.19371764,30.114338,43.941395,5.1633897,13.832545,2
411421,0,0,2007,18.810385,9.4265623,.15423438,40.463535,31.398378,4.4356008,7.931478,2
411422,0,0,2007,16.051506,9.3540249,.16187593,42.49839,36.752304,4.3787642,8.3748226,2
411423,0,0,2007,19.293133,9.1912737,.15485194,37.704876,31.562517,4.0725479,12.647881,2
411424,0,0,2007,23.87282,9.263546,.14098978,43.805115,23.417749,4.5444236,11.425875,2
411425,0,0,2007,17.139799,9.3792772,.20201206,44.745831,30.646967,4.6820326,8.5071115,2
411426,1,0,2009,14.51709,9.5258331,.10306992,37.158985,33.826828,4.7343173,11.654367,2
411481,1,1,2014,5.6360807,10.548316,.57094634,14.884371,62.30798,5.0259085,11.235152,2
411521,0,0,2007,27.149891,9.562623,.17063293,30.026608,35.617222,4.2539954,10.520106,2
411522,0,0,2007,24.926834,9.4373484,.2249836,31.443928,36.894157,4.3793855,10.704456,2
411523,0,0,2007,21.345221,9.816555,.19193116,26.5252,42.862808,3.5047474,11.285987,2
411524,0,0,2007,26.528128,9.480545,.18472178,33.916061,39.377159,4.2691751,10.760627,2
411525,1,1,2014,7.5966377,10.221306,.15954535,34.302494,34.122787,5.1509695,18.358147,2
411526,0,1,2007,21.02973,9.7060699,.27662987,34.90839,37.105652,4.3678727,7.3184853,2
411527,0,0,2007,22.077351,9.4011374,.16014874,37.277752,28.685919,4.1974363,11.387793,2
411528,0,0,2007,23.195391,9.3339815,.21327868,37.792957,36.358501,4.5294266,10.238477,2
411621,0,0,2007,23.78023,9.3299026,.24937078,49.050381,26.875879,4.2727656,11.645434,2
411622,0,0,2007,17.208035,9.3243389,.21633685,46.698006,31.23245,4.4860826,8.6270018,2
411623,0,0,2007,22.16811,9.0943699,.19199234,45.897408,28.566772,4.7626276,9.7690563,2
411624,0,0,2007,23.44376,9.1962967,.21378842,33.465004,39.10767,4.8080268,9.3843985,2
411625,1,0,2009,18.440781,9.5854034,.16100635,33.18465,46.108631,4.8735867,11.562745,2
411627,0,0,2007,20.124468,9.0462036,.1843427,44.837467,34.086292,4.9177356,8.6558771,2
411628,1,1,2014,8.5714197,10.373837,.19522028,24.34161,49.41404,4.7842579,15.721794,2
411681,1,1,2004,19.198336,9.1880522,.54545492,19.790112,58.043179,4.7461634,5.5161529,2
411721,0,1,2007,18.283333,9.4179373,.21930981,36.745678,36.919525,4.4411888,7.2674966,2
411722,0,0,2007,21.610331,9.0575714,.17797847,32.656914,39.482819,4.9237814,9.9771891,2
411723,0,0,2007,25.608604,9.245554,.18829085,37.184692,37.698643,4.5530934,10.178102,2
411724,1,0,2009,17.852064,9.62679,.13140467,50.905567,25.676287,4.3375411,13.17344,2
411725,0,0,2007,24.416237,9.6491346,.24248536,32.300674,44.937218,3.9207747,9.2577581,2
411726,0,0,2007,23.747229,9.3294697,.21290527,41.389221,33.802052,4.5675969,10.365891,2
411727,0,0,2007,19.086897,9.2646227,.24347141,42.780636,32.765652,4.363853,9.4883766,2
411728,0,0,2007,21.285088,9.7747536,.26340505,31.826063,41.348354,4.0022211,7.7759748,2
411729,1,1,2014,7.8965354,9.945343,.11990753,34.822552,37.586044,4.7117434,21.332401,2
420222,1,1,2002,,8.8106699,.55624866,18.967369,42.361023,4.5700202,4.9428811,2
420281,1,1,2002,,9.3873615,.76681268,13.063107,54.37072,4.478775,4.620616,2
420322,1,0,2002,,8.0682554,.31854278,51.91687,16.545942,3.9079423,15.214239,2
420323,1,0,2002,,8.1512642,.39565268,46.459373,26.786293,3.7907162,14.062685,2
420324,1,1,2002,,8.3226051,.30667999,56.409729,18.473328,3.5527291,18.658684,2
420325,1,0,2002,,8.0239105,.26044863,42.550541,24.144287,3.8852658,16.400839,2
420381,1,1,2002,,9.1149807,.60696459,9.6795015,44.838531,3.8927107,6.2826829,2
420525,1,1,2002,,9.36623,.59546268,26.286709,46.049187,3.0546436,8.1998062,2
420526,1,0,2002,,9.2540379,.63728523,24.78392,49.991776,2.9195585,11.052563,2
420527,1,0,2002,,8.7273254,.53768861,22.570547,37.024406,3.6800838,9.3088112,2
420528,0,0,2007,15.664854,9.4013004,.29547364,22.589146,38.704735,3.7167945,10.539496,2
420529,0,0,2007,19.912266,9.3342762,.1814284,33.310242,31.079468,3.0285115,14.376248,2
420581,1,1,2002,,9.6602135,.67928028,17.14996,52.162411,3.6477847,5.7332568,2
420582,1,1,2002,,9.459609,.63032103,20.230219,52.496269,3.8895741,4.9700694,2
420583,1,1,2002,,9.4601011,.73490787,25.205738,34.022461,3.9276979,5.4130154,2
420624,1,0,2002,,8.5370636,.58918345,37.713142,40.669712,4.0613956,7.8509874,2
420625,1,1,2002,,8.8125658,.6858173,36.278084,33.549847,4.0024843,7.0762963,2
420626,1,0,2002,,8.6224174,.70601177,39.017494,34.307877,3.3650098,8.9221764,2
420682,1,1,2002,,8.9559059,.85721648,21.05961,46.389458,3.9331942,5.1645889,2
420683,1,1,2002,,8.840992,.68129158,28.442225,43.893196,4.6785717,5.0566893,2
420684,1,1,2002,,8.8626747,.70107222,43.116249,29.772516,3.993463,7.9063215,2
420822,1,1,2002,,9.0356092,.55244076,40.023369,29.033661,4.1557679,3.9132431,2
420881,1,1,2002,,9.0368824,.78387523,30.578749,34.058693,4.6322355,3.9133077,2
420882,0,0,2007,24.873514,9.8760395,.37927902,34.501972,32.179905,4.1672626,7.8340816,2
420921,1,1,2002,,8.3396587,.62005556,34.381016,33.442902,4.1303892,5.3052502,2
420922,1,1,2002,,8.6265869,.55238652,27.051832,40.587944,4.1041298,6.7902794,2
420923,1,1,2002,,9.0583935,.73894703,29.244087,42.78894,4.0522861,5.4617281,2
420981,1,1,2002,,9.0550823,.80881405,21.002771,46.368782,4.1891775,3.3688889,2
420982,1,1,2002,,8.8280287,.57106388,34.425529,36.525398,4.1214466,7.3928742,2
420984,1,1,2002,,9.1360741,.76587069,20.910944,43.823647,4.6650333,3.7181158,2
421022,1,1,2002,,8.5617905,.90837669,36.323368,23.766745,4.6461573,5.4499454,2
421023,1,1,2002,,8.3622093,.67380202,43.608753,28.227854,4.9444513,6.0929556,2
421024,1,0,2002,,8.486433,.48521036,53.615036,31.465763,3.6779447,6.1484785,2
421081,1,1,2002,,8.9300613,.72136974,20.089512,41.069462,4.1491046,6.1106157,2
421083,1,1,2002,,8.6678505,.89888787,32.386898,39.469193,4.4927893,5.4082174,2
421087,1,1,2002,,8.6302643,.64955813,26.774509,39.630138,4.4600697,6.0285873,2
421121,1,1,2002,,8.4646301,.4533326,39.030289,38.839252,3.6250072,13.074252,2
421122,1,0,2002,,8.4659643,.92737788,18.137579,51.241585,4.1716142,6.9393449,2
421123,1,1,2002,,8.2990847,.64316779,28.053715,45.294006,4.0497851,6.7606292,2
421124,1,0,2002,,8.5704327,.63853514,44.441078,36.372818,3.6741586,7.7402925,2
421125,1,1,2002,,8.4569473,.80619138,29.220768,40.760155,4.6232991,6.3804836,2
421126,1,0,2002,,8.5730438,.82154626,25.663771,43.431881,4.556344,6.1243629,2
421127,1,1,2002,,8.4549065,.80928111,29.396645,48.265991,4.5753708,5.7452869,2
421181,1,1,2002,,8.3675308,.55158585,25.60515,40.991577,4.7409835,7.2445941,2
421182,1,1,2002,,8.9469318,.78414881,19.034878,48.497101,4.2831459,6.1562667,2
421221,1,1,2002,,9.1912069,.71940202,35.105003,39.097099,3.5857201,6.4114881,2
421222,1,1,2002,,8.6638699,.63427055,28.144379,34.902046,3.7879891,7.1537747,2
421223,1,0,2002,,8.7452059,.73788559,30.15447,40.106232,3.8359041,7.5562754,2
421224,1,0,2002,,8.2044859,.6076104,34.45591,33.492172,3.6861784,9.8191452,2
421281,1,1,2002,,9.5619116,.8173911,17.664257,49.490974,3.9375854,5.0795345,2
421321,0,0,2007,,,,,,,,2
421381,1,1,2002,,9.0363598,.54078078,30.371302,42.322823,4.4995193,7.5494337,2
422801,0,1,2007,17.60656,9.1070871,.34156296,32.326775,27.695532,4.3545389,12.305337,2
422802,0,1,2007,18.286497,8.7050257,.29770872,43.871105,31.2372,4.4398503,15.62873,2
422822,0,0,2007,21.716608,8.8452635,.23011421,49.467564,18.714819,3.9278963,20.047499,2
422823,0,0,2007,26.180065,9.0612526,.25627068,40.024338,19.739292,3.878809,16.483448,2
422825,0,0,2007,18.45789,8.8944931,.20351757,43.469181,22.14727,3.5380454,17.35046,2
422826,0,0,2007,25.223909,8.9813023,.2159844,48.312813,20.462524,3.5908754,17.921375,2
422827,0,0,2007,20.326843,8.9813528,.27194214,42.102661,23.258656,3.4339838,19.316429,2
422828,0,0,2007,19.369408,9.1763897,.19281195,34.333206,36.248478,3.0757656,19.095264,2
429006,0,1,2007,,9.3006382,.26537496,21.842026,42.468941,5.151794,5.2705088,2
430121,1,1,2010,10.943876,11.384487,.66781294,9.8323765,66.918449,4.339334,6.7558398,2
430181,1,1,2010,20.410206,11.013823,.47122332,11.935476,63.107494,4.9169879,6.8842854,2
430182,0,0,2007,32.105312,10.310312,.4337649,22.468145,47.57481,4.8726039,6.1980171,2
430223,1,1,2010,17.728285,10.463816,.45519245,23.771843,41.533703,4.2503943,8.5926895,2
430224,1,1,2010,13.642938,9.8892012,.31259385,31.573227,30.79813,3.9815445,14.956115,2
430225,1,1,2010,16.459158,9.9351387,.34014767,23.189272,41.535885,2.886637,20.467461,2
430281,0,1,2007,20.770519,10.049208,.51987845,16.287342,56.469097,4.60182,5.5091434,2
430321,1,1,2010,18.81123,10.157204,.33960882,32.611652,36.123158,4.6824398,10.410606,2
430381,1,1,2010,18.55987,10.259414,.34640464,28.935217,37.654186,4.4837446,9.2920523,2
430382,0,1,2007,23.009068,10.281519,.37636763,14.969669,43.481541,2.3025851,10.13558,2
430421,1,1,2010,14.029267,9.8437557,.19704202,35.098698,33.456833,4.7199702,10.411216,2
430422,1,1,2010,14.406337,9.9595861,.25705302,34.653542,36.601105,4.6259518,10.178391,2
430423,1,1,2010,14.773461,10.098495,.29617399,30.141499,31.341177,3.7160022,12.571437,2
430424,1,1,2010,15.239506,10.186959,.25185195,26.177168,34.981636,4.206182,9.8551493,2
430426,1,1,2010,10.184381,9.7868443,.24376482,30.00246,41.211708,4.53403,9.0232964,2
430481,1,1,2010,11.544284,10.165413,.40628225,21.466532,42.590355,4.8362818,10.161118,2
430482,1,1,2010,14.85395,10.074039,.30973598,25.716623,41.273132,4.4555078,10.825362,2
430522,1,1,2010,16.289602,9.3075113,.19046077,29.414181,33.869663,4.3183432,19.165401,2
430523,1,1,2010,13.701508,9.1584196,.15333886,31.716101,27.086082,4.5876818,21.565001,2
430524,1,1,2010,14.42779,9.1278515,.16756433,31.163755,23.840393,4.7250209,20.489679,2
430525,1,1,2010,15.415166,9.4519844,.18524969,41.939903,25.220083,4.3985391,16.092215,2
430527,1,1,2010,12.818322,9.6636648,.19465345,28.750296,41.409138,3.5600762,17.59267,2
430528,1,1,2010,14.44129,9.2520952,.21556006,32.432854,24.959749,4.095439,23.065754,2
430529,0,0,2007,8.6329327,8.9332962,.26427954,28.879066,38.013905,3.2512741,18.177698,2
430581,1,1,2010,12.7848,9.3526621,.23925681,40.583847,19.38471,4.318819,17.843525,2
430582,0,0,2007,23.145561,9.5583429,.40269792,22.490101,37.937733,4.7734976,6.8147635,2
430621,1,1,2010,13.950945,10.158661,.18433203,30.390579,38.607452,4.2355528,10.267781,2
430623,1,1,2010,13.722469,10.319631,.22787036,30.313173,41.763863,4.2854047,8.1831522,2
430624,1,1,2010,18.538406,10.388405,.29370734,26.807949,44.417988,4.2640853,7.0412288,2
430626,1,1,2010,14.186295,9.7199125,.20668481,27.595449,35.620872,4.6466269,13.969846,2
430681,1,1,2010,19.04924,10.599315,.41467896,22.13405,53.517757,4.285862,10.564894,2
430682,1,1,2010,13.473401,10.349536,.25576866,23.154705,48.32938,3.8938549,10.213221,2
430721,1,1,2010,8.3816996,10.041607,.18723017,33.223507,23.705147,4.0876293,10.854237,2
430722,1,1,2010,17.316488,9.9471941,.20023531,32.966125,27.689899,4.4272213,12.825933,2
430723,1,1,2010,15.103217,10.103549,.28023469,33.276272,33.160133,4.5097303,10.761063,2
430724,1,1,2010,13.296144,10.122869,.27854156,30.237066,33.251484,3.7864547,11.400121,2
430725,1,1,2010,14.533562,10.032732,.2676,38.760166,30.907772,4.5791593,9.9954824,2
430726,1,1,2010,13.308365,10.186546,.29747516,29.147257,34.697113,4.2282877,12.197229,2
430781,1,1,2010,15.125073,10.412778,.32536739,24.549994,40.265621,3.2770259,12.588315,2
430821,1,1,2010,16.43858,9.8004742,.20069124,20.697115,30.932573,4.2079048,17.90834,2
430822,1,1,2010,16.38871,9.5343409,.13899836,16.389294,25.399788,3.7992003,26.308681,2
430921,1,1,2010,16.307739,9.9196291,.13243924,41.356766,20.441206,4.3652015,16.217632,2
430922,1,1,2010,15.163297,9.8436136,.17804904,27.382082,35.957485,4.4272213,13.138035,2
430923,1,1,2010,16.022398,9.5373096,.16240713,32.833115,28.55155,4.5825729,18.156666,2
430981,1,1,2010,16.526194,10.135132,.20853509,31.112009,30.236454,4.306757,11.526046,2
431021,1,1,2010,19.217655,10.360834,.42741448,20.211803,44.29044,4.3894844,9.3639936,2
431022,1,1,2010,22.88505,9.8539543,.35757256,22.299185,48.0485,4.0330534,14.653001,2
431023,1,1,2010,20.855368,10.517165,.41396254,15.4093,53.038555,4.1594033,9.7151375,2
431024,1,1,2010,17.60392,10.333466,.29367745,20.020535,43.11187,3.5722716,10.538735,2
431025,1,1,2010,11.476328,10.037269,.2863856,16.736715,47.829044,3.4657359,12.614587,2
431026,1,1,2010,20.123739,9.2948084,.19638169,26.163824,34.413235,3.606348,24.679407,2
431027,1,1,2010,13.54727,9.033515,.11885419,24.247347,32.768345,2.9099846,33.817093,2
431028,1,1,2010,23.419281,9.4724016,.14565895,31.720589,33.303471,3.7045436,18.999126,2
431081,1,1,2010,20.087122,11.054687,.47482347,12.261258,61.914104,3.6091111,9.0507145,2
431121,1,1,2010,15.787093,9.9072418,.19456409,25.12557,34.557381,4.6223416,12.194941,2
431122,1,1,2010,13.316688,9.9218168,.18694651,29.210712,30.809153,4.0960073,12.432532,2
431123,1,1,2010,9.2154808,9.941227,.23449682,36.325382,34.898262,2.841022,19.430954,2
431124,1,1,2010,15.426563,9.7791033,.18799667,34.156578,21.953926,4.229723,14.383069,2
431125,1,1,2010,18.113089,9.7168083,.17641731,47.588257,17.969038,3.2254767,19.184238,2
431126,1,1,2010,14.857295,9.4148102,.17937295,31.925304,24.072166,4.3770056,19.940924,2
431127,1,1,2010,14.41003,9.8779869,.24694857,23.083199,34.738869,3.5825918,15.110084,2
431128,1,1,2010,13.657596,9.5416508,.1827177,34.820076,20.86603,3.6145093,21.410912,2
431129,0,0,2007,17.62121,9.1923037,.18863966,37.039543,21.854183,3.8287809,16.266823,2
431221,1,1,2010,16.413651,10.279545,.26074752,24.426199,39.916862,3.259376,14.401762,2
431222,1,1,2010,15.613111,10.028485,.2504048,13.725146,62.222912,4.1789851,14.362058,2
431223,1,1,2010,17.492584,9.6850023,.25935942,21.151167,37.355614,3.9683986,19.217327,2
431224,1,1,2010,14.685489,9.4618273,.198273,32.899967,31.417364,4.4689593,18.398849,2
431225,1,1,2010,16.325922,9.516675,.18174407,28.970369,19.147139,3.5610139,23.439846,2
431226,0,0,2007,19.88797,9.0317993,.18264505,35.580765,25.524708,3.6031213,17.578409,2
431227,0,0,2007,20.276609,9.1135321,.15108824,29.679728,29.641058,3.249579,20.029715,2
431228,0,0,2007,22.302315,9.3819084,.21022953,31.877144,28.89185,3.5810108,13.446828,2
431229,0,0,2007,19.925369,9.4384651,.25158587,29.427073,21.442171,3.2580965,12.793326,2
431230,0,0,2007,20.475744,8.9387245,.18950471,39.531677,21.301592,3.1080065,23.530291,2
431281,1,1,2010,15.96986,9.7336292,.27169725,27.719549,27.084358,3.9537981,20.379545,2
431321,1,1,2010,17.6094,9.7155628,.17126079,40.964863,30.901031,4.5181456,14.067436,2
431322,1,1,2010,18.958162,9.4432983,.18582508,37.972626,26.754087,4.8805165,19.670986,2
431381,1,1,2010,16.791431,11.014166,.59014654,4.3533998,68.80191,3.6053691,7.1126151,2
431382,1,1,2010,16.665104,9.7654629,.25831649,22.815138,43.448742,4.7172976,13.567789,2
433101,0,1,2007,14.339418,10.01598,.43212235,8.5248594,43.336941,3.356169,9.39779,2
433122,1,1,2010,11.408176,9.7191257,.17275985,17.951151,56.797436,3.3730016,27.433607,2
433123,1,1,2010,15.525361,9.4957752,.18820974,20.991915,18.169598,3.6410742,26.35972,2
433124,1,1,2010,2.5215347,9.8727236,.40660951,8.4176998,71.453743,3.3249972,18.207804,2
433125,1,1,2010,5.3606734,9.492918,.15827046,17.565615,53.649551,3.3707027,23.72628,2
433126,1,1,2010,16.690811,9.346365,.084850498,22.839493,23.265238,2.636668,45.913414,2
433127,1,1,2010,14.068003,9.1475639,.094500907,37.018116,18.864746,3.906667,35.65509,2
433130,1,1,2010,12.727529,9.1719885,.13147476,35.498348,19.331507,4.0115533,32.833717,2
440222,0,0,2007,21.376064,9.5504131,.20818375,35.585327,35.178555,3.1916611,14.936111,1
440224,0,0,2007,21.178085,10.162248,.40853998,28.793486,44.420383,3.1354942,9.7057371,1
440229,0,0,2007,19.025196,9.260087,.18881525,37.789268,25.949013,3.6462445,14.936134,1
440232,0,0,2007,19.255171,9.800498,.38093877,13.711608,61.070744,3.028259,16.813482,1
440233,1,0,2013,9.29422,10.363719,.27412775,21.626617,41.834545,3.245023,18.075373,1
440281,0,0,2007,22.991571,9.4305496,.24805026,23.690935,34.319016,3.9512436,14.560387,1
440282,1,1,2010,23.400536,10.176024,.30945998,34.647125,23.337212,3.838696,15.011126,1
440523,0,0,2007,20.31193,9.3827934,.2204717,37.40086,29.617733,1.9459101,23.156364,1
440781,0,1,2007,20.226851,9.9616022,.69156647,16.368664,47.815826,4.5917358,6.23033,1
440783,0,0,2007,12.434581,10.199041,.76627749,10.092442,49.779095,4.2195077,5.3571892,1
440784,0,0,2007,12.399594,10.359326,.70484978,8.9643145,54.683193,3.583519,5.470345,1
440785,0,0,2007,12.926678,9.8299065,.45528656,17.356434,37.572193,3.8985546,7.0911307,1
440823,1,0,2013,6.9408607,10.273765,.25936252,41.506752,29.301018,4.6602497,9.5168209,1
440825,1,0,2012,8.4720783,9.8504362,.22114649,50.349136,12.714026,4.2903972,13.340067,1
440881,1,0,2013,13.884013,10.217787,.24457632,32.140965,36.567616,5.1377072,10.475955,1
440882,0,1,2007,16.828064,8.9263659,.23400013,47.428745,17.061081,5.0213647,8.2430582,1
440883,1,0,2013,11.680086,10.057249,.27838606,16.31163,41.783966,4.7095032,11.557561,1
440923,0,1,2007,12.995806,9.6362028,.29973668,33.949505,34.241512,4.8437562,5.0360684,1
440981,1,0,2012,8.3468246,10.385306,.29578573,25.392778,28.449503,5.1396627,7.5684953,1
440982,1,0,2013,7.3495555,10.408935,.2835688,23.409082,29.92487,5.0916486,8.2653589,1
440983,1,0,2013,7.4661775,10.579717,.26070815,26.316679,32.226364,4.936708,8.6260548,1
441223,1,0,2013,7.9086313,10.30782,.53380859,25.796978,29.006762,4.0430512,12.870366,1
441224,1,0,2013,5.4286051,10.145553,.80953169,31.302259,24.858227,4.6602798,13.209281,1
441225,1,0,2010,18.438065,10.089807,.37177721,40.121151,21.385963,3.8829,12.447518,1
441226,1,0,2013,7.3656344,10.437243,.45622021,24.453785,34.071014,3.6375861,15.187852,1
441284,0,0,2007,35.372852,10.377584,.56836277,30.460926,42.879742,3.7606504,6.386899,1
441322,1,1,2012,11.723381,10.754811,.60874802,10.681137,51.054386,4.4265838,8.3631058,1
441323,0,0,2007,11.78224,10.169396,.43905967,18.897818,51.89653,4.3170781,4.3527756,1
441324,0,0,2007,19.41754,9.8225603,.2906324,31.386131,31.717636,3.4759932,11.169978,1
441422,1,0,2013,8.0144415,9.8366308,.27089739,28.139536,36.904125,4.0073333,26.591419,1
441423,1,0,2013,7.9369693,9.850112,.19859336,26.513069,47.330761,4.2436991,21.659901,1
441424,1,0,2012,9.4451208,9.2763338,.10828815,29.257166,22.484415,4.8700099,24.648149,1
441426,0,0,2007,20.243364,9.5150547,.23138668,26.863298,37.154179,3.2188759,15.452862,1
441427,0,0,2007,13.118794,9.7811089,.3686702,18.536943,48.58831,3.1354942,12.472174,1
441481,1,1,2010,9.8797283,9.4224863,.17779897,27.721249,33.232841,4.7361984,17.30209,1
441521,0,1,2007,13.748855,9.7887259,.40225387,19.043316,36.998016,4.3479953,5.6392407,1
441523,1,0,2013,8.4418354,9.7444677,.26783869,21.926661,26.585659,3.5360231,21.787617,1
441581,0,0,2007,15.843169,9.0733738,.34345746,32.887924,38.171528,5.0792117,8.7201118,1
441621,1,0,2010,16.210127,9.4746046,.20985739,26.495842,37.913155,4.4261684,17.803322,1
441622,1,1,2012,2.7130313,9.6896849,.17619364,17.975637,49.354603,4.5710421,17.30143,1
441623,1,0,2013,-2.5704141,10.032326,.30597547,9.1212702,69.953552,3.6971104,15.316612,1
441624,1,0,2013,11.043343,10.029549,.15681849,22.113306,40.05706,3.9701731,25.503922,1
441625,0,0,2007,17.520855,9.4479351,.16868447,28.379719,40.921574,3.9701731,23.526371,1
441721,0,0,2007,13.644932,9.799859,.19145101,45.012913,26.831795,3.8641832,7.3737855,1
441781,1,1,2012,10.029571,10.539262,.31070235,26.53019,44.150112,4.7331314,9.1876469,1
441821,0,0,2007,12.265566,10.222393,.45419654,12.563848,59.87439,3.4445701,11.571763,1
441823,1,0,2013,5.8982744,10.07136,.37780461,29.126608,27.204449,3.9827533,17.53768,1
441825,0,0,2007,28.925716,9.5316429,.13855243,36.381882,26.105505,2.4849067,25.971327,1
441826,0,0,2007,24.642563,9.3254261,.19623241,27.79887,34.795547,2.7725887,31.741449,1
441881,1,1,2012,6.2529879,10.024329,.45140544,17.5893,45.242531,4.7095032,13.91243,1
441882,0,0,2007,18.925808,9.8925686,.31885129,27.737169,39.283848,3.9318256,11.693274,1
445122,1,1,2012,9.8364315,10.052869,.20302303,18.416594,43.201389,4.6216888,10.743103,1
445222,1,0,2013,8.0950747,10.126953,.17134488,17.634359,53.056347,4.5849676,11.411091,1
445224,0,1,2007,19.972206,9.2091131,.15170012,37.637146,37.932522,4.7503076,9.4273033,1
445281,1,1,2012,10.753053,10.155602,.44894037,8.1850958,60.018997,5.4451351,7.581677,1
445321,1,0,2013,7.3425531,10.806269,.45974168,28.960125,40.447659,3.8641832,10.713775,1
445322,1,0,2013,6.2610083,10.063833,.28722155,30.955824,31.880806,3.9512436,16.500814,1
445381,1,1,2012,13.308526,9.6947021,.26137471,29.085115,34.291538,4.7928867,17.871595,1
460300,0,0,2007,,,,,,,,1
460400,1,1,1988,,,,,,,,1
469001,1,1,1988,,,,,,,,1
469002,1,1,1988,,,,,,,,1
469005,1,1,1988,,,,,,,,1
469006,1,1,1988,,,,,,,,1
469007,1,1,1988,,,,,,,,1
469021,1,1,1988,,,,,,,,1
469022,1,1,1988,,,,,,,,1
469024,1,1,1988,,,,,,,,1
469025,0,0,2007,25.863823,9.2962246,.13611764,71.238548,9.1332626,2.9244244,21.340193,1
469027,0,0,2007,22.795185,9.1561337,.11363519,65.504433,5.7289324,3.8886864,15.216958,1
469028,0,0,2007,28.289528,9.3725071,.16915594,63.32444,7.3954554,3.524369,15.511832,1
469029,0,0,2007,21.473919,9.2201853,.1160771,59.681652,8.25179,2.779933,23.682678,1
469030,0,0,2007,22.891504,9.1438293,.13969642,66.731476,9.4572306,3.0414121,22.485191,1
510121,0,0,2007,22.08497,9.6421432,.29384187,30.84734,31.106665,4.4473171,7.5447254,3
510129,0,0,2007,16.246201,9.7136707,.30705196,21.490791,37.773499,3.9245369,7.4986906,3
510131,0,0,2007,18.831203,9.9002571,.31452695,26.488766,41.705135,3.2516391,8.2232561,3
510132,0,0,2007,19.278149,10.422541,.46578342,12.855223,51.889423,3.3900001,6.1723819,3
510181,0,0,2007,15.982498,9.8532057,.58965331,12.902845,34.532906,4.1004038,7.261044,3
510182,0,0,2007,16.365873,9.7347107,.38542932,23.129951,39.589859,4.3571305,6.5316153,3
510183,0,0,2007,15.505693,9.664958,.30810684,20.691565,40.046291,4.1650548,7.4172854,3
510184,0,0,2007,16.09243,9.6602736,.32769766,19.191025,42.978424,4.1911044,6.5913639,3
510185,0,1,2007,,,,,,,,3
510321,0,1,2007,21.610394,9.5722456,.20761284,36.729198,30.384121,4.3077016,10.234511,3
510322,0,1,2007,20.007664,9.4217901,.18766835,34.817345,31.413452,4.6873913,8.7856379,3
510421,0,1,2007,23.05991,10.003615,.37840763,23.395161,45.734825,3.0235343,14.943274,3
510422,0,1,2007,14.425455,10.303333,.31960043,8.7354479,78.361252,2.9772086,8.649313,3
510521,0,1,2007,22.923616,9.4944277,.27603599,34.422024,35.096172,4.6494784,7.927021,3
510522,0,1,2007,19.064739,9.262413,.20580076,33.133816,29.847231,4.4488449,10.373759,3
510524,0,1,2007,21.92864,8.9300232,.19019368,38.322128,24.195198,4.2100496,20.045982,3
510525,0,1,2007,28.625093,8.9585848,.21452601,35.705547,30.43478,4.3907185,19.914928,3
510623,0,1,2007,18.477858,9.4020519,.12455254,40.443539,26.043629,4.9511194,8.0199795,3
510681,0,1,2007,19.331882,10.178729,.48614073,17.15185,46.865993,4.0752707,5.2175417,3
510682,0,1,2007,12.482086,10.278281,.57597166,13.191816,62.954834,3.7604241,5.6400976,3
510683,0,1,2007,7.6685858,10.167254,.64616901,14.361811,60.704552,3.9383399,6.6198711,3
510722,0,1,2007,22.435221,9.2635641,.2179748,39.952301,25.916212,4.9836063,9.8294764,3
510723,0,1,2007,24.948559,9.2184019,.11553751,52.662178,17.53002,4.0920787,13.504669,3
510725,0,1,2007,25.090696,9.3940086,.14956543,45.105915,22.348753,3.6349511,11.888738,3
510726,0,0,2007,17.076445,9.1683846,.16693531,35.971684,37.049831,2.7750821,24.816378,3
510727,0,1,2007,13.879963,9.2267122,.17611539,33.839886,41.195358,2.9303014,22.485914,3
510781,0,1,2007,15.450609,9.8826971,.44915381,15.678856,45.116497,4.4720168,5.4855461,3
510821,0,1,2007,21.530535,9.2395287,.12003154,35.661095,31.320194,3.8147626,18.313259,3
510822,0,1,2007,16.648638,8.8137255,.053623077,45.086617,20.672508,3.2094967,32.552467,3
510823,0,1,2007,24.258036,9.0023947,.09776666,45.742393,18.033611,4.2031984,17.839302,3
510824,0,1,2007,22.047728,9.0403366,.1187233,46.722847,19.074682,4.3407698,18.709099,3
510921,0,1,2007,24.189692,9.06775,.083476193,43.381531,22.474072,4.3280873,15.368741,3
510923,0,1,2007,24.834301,9.3802319,.14471209,34.873627,38.168358,4.0012469,11.43824,3
510981,0,0,2007,17.355806,9.6882706,.24943264,22.083282,46.990723,4.6142788,7.1026835,3
511024,0,1,2007,25.863352,9.960495,.36769783,18.257711,57.954308,4.3090067,7.3070502,3
511025,0,1,2007,23.677372,9.166193,.17498007,34.342522,31.26119,4.8774834,12.33153,3
511083,0,0,2007,26.821131,9.6216488,.21321513,19.855516,48.448437,4.3368535,8.5801468,3
511123,0,1,2007,22.844854,9.5153389,.18947408,28.960409,46.694786,4.0360017,11.173145,3
511124,0,1,2007,26.446007,9.3974924,.14085603,39.0872,35.340736,3.7232809,12.630178,3
511126,0,1,2007,19.770937,9.8018064,.37723595,22.514418,48.980728,3.5553453,7.6815858,3
511129,0,1,2007,22.033178,9.4340038,.23154126,28.271175,46.235371,3.2451913,12.932516,3
511132,0,0,2007,14.91715,9.5865736,.27946952,18.342014,56.857525,2.6660588,19.631966,3
511133,0,0,2007,19.625879,9.1136169,.13196205,39.681263,32.583206,2.9108102,31.39728,3
511181,0,1,2007,19.254976,10.077529,.40986505,13.593099,51.66972,3.7658389,7.0348649,3
511321,0,1,2007,21.405855,9.5020142,.16509624,37.312271,35.623928,4.8288188,10.841848,3
511322,0,1,2007,20.351099,9.1350784,.14586407,40.112797,28.483454,4.5075459,15.504534,3
511323,0,1,2007,21.293135,9.3490295,.19468498,34.698856,35.605839,4.230689,13.624428,3
511324,0,1,2007,22.062599,8.9263992,.081728548,48.671005,19.86355,4.6693749,20.193314,3
511325,0,1,2007,19.410872,9.1129055,.12065151,39.633652,25.226934,4.1499825,17.152136,3
511381,0,1,2007,20.425531,9.3727436,.17250469,31.47201,36.061287,4.4531808,13.776815,3
511421,0,1,2007,21.266357,9.4063301,.17541739,33.743702,35.113804,5.0500693,9.293211,3
511423,0,1,2007,17.521748,9.6682816,.32385334,31.369938,47.196136,3.5302734,13.469309,3
511424,0,1,2007,22.467703,9.636713,.1974262,33.965778,38.768528,2.7808833,13.503994,3
511425,0,1,2007,21.778303,9.7644482,.19846831,23.549524,46.210827,2.9823065,10.770163,3
511523,0,1,2007,26.59013,9.4601765,.16084869,36.972836,31.307053,3.9865091,11.747552,3
511524,0,1,2007,23.018284,9.6434183,.18511863,29.51137,38.148937,3.765043,10.294555,3
511525,0,1,2007,22.438803,9.4587622,.21685924,30.811323,44.474472,3.9265621,11.728969,3
511526,0,1,2007,31.708544,9.4845734,.19700164,25.868187,42.334484,3.7280982,13.90132,3
511527,0,1,2007,30.053509,9.6931534,.1764254,32.486149,41.870735,3.6737638,12.751451,3
511528,0,1,2007,22.391983,9.1857042,.11709097,34.42947,34.318604,3.7856791,16.167164,3
511529,0,1,2007,26.65663,8.7707024,.10282394,41.167942,25.27223,3.3832507,21.703236,3
511621,0,1,2007,21.87871,9.2823191,.24645813,33.322124,28.762762,4.7538772,11.701155,3
511622,0,1,2007,23.541956,9.4997702,.26573402,34.369568,34.826756,4.4144082,10.007126,3
511623,0,1,2007,23.513414,9.3375235,.21717653,33.312344,32.589531,4.5832257,11.721434,3
511681,0,1,2007,20.997684,9.961339,.24270758,13.832885,55.124763,3.5591495,8.3854752,3
511722,0,1,2007,22.813272,9.259531,.13554983,38.902805,28.677774,4.7728734,12.723928,3
511723,0,1,2007,20.860781,9.3860321,.15001482,42.09613,25.402374,4.0354176,14.173563,3
511724,0,1,2007,21.541035,9.612422,.23764102,31.123861,38.195457,4.6684504,8.9551392,3
511725,0,1,2007,22.448902,9.1274338,.13356867,36.92065,33.3078,4.9315562,13.523973,3
511781,0,1,2007,22.214855,9.4566431,.10787352,37.92038,33.326473,4.0383015,15.614088,3
511822,0,1,2007,17.907167,9.9209576,.27144134,17.940434,48.578457,2.671699,9.6750202,3
511823,0,1,2007,18.281712,9.1004705,.13747962,37.300133,29.513678,3.5311673,15.89847,3
511824,0,1,2007,19.45507,10.196561,.36695573,14.066187,68.728287,2.479116,13.861059,3
511825,0,1,2007,18.2295,9.7685986,.19158952,22.797565,49.524971,2.6877401,14.009529,3
511826,0,1,2007,17.810854,9.5710726,.10311996,29.182762,45.68951,2.4680996,17.923178,3
511827,0,1,2007,18.57869,10.011112,.18473779,22.785156,55.370281,1.7403636,14.400592,3
511921,0,1,2007,16.977224,8.872611,.065444633,48.409359,14.360763,4.2890391,22.456974,3
511922,0,1,2007,19.560148,8.9789181,.10819515,46.580631,22.589958,4.1587882,19.258692,3
511923,0,1,2007,17.198074,8.8568344,.095411241,42.574715,23.771391,4.5827932,19.745619,3
512021,0,1,2007,24.398216,9.2054167,.14056726,47.187836,23.363787,5.0347795,11.201409,3
512022,0,1,2007,30.905794,9.3805923,.16394709,40.612637,29.628054,4.4636049,11.39659,3
513201,0,0,2007,16.486191,9.7801313,.11246612,11.341177,19.090815,1.6801683,28.479151,3
513221,0,0,2007,21.827137,10.120005,.37387997,6.8520737,77.708069,2.3762176,9.8303909,3
513222,0,0,2007,27.706377,9.6579456,.14435831,13.333717,63.819454,1.4890956,28.158882,3
513223,0,0,2007,29.466179,9.3361053,.10967628,20.696306,43.532665,2.3608243,35.463692,3
513224,0,0,2007,11.538807,9.3045683,.21188691,20.106194,25.755512,1.9411138,36.135162,3
513225,0,0,2007,8.4389343,9.6433563,.40789649,8.7274866,22.579325,1.8081992,26.723619,3
513226,0,0,2007,18.613989,8.7632408,.027525503,36.407478,19.416357,1.9266552,88.655777,3
513227,0,0,2007,16.233421,8.8689442,.044231873,28.498104,23.578682,2.0583701,54.951767,3
513228,0,0,2007,23.687403,9.3348379,.069579788,31.212513,35.324436,1.7578579,63.830254,3
513230,0,0,2007,18.364832,9.0983562,.024409683,42.908634,13.644848,1.2431004,88.783867,3
513231,0,0,2007,11.29089,8.7818432,.026881423,52.969501,12.963249,1.8457991,60.342754,3
513232,0,0,2007,15.179122,9.1901369,.033174414,56.572464,17.308571,1.9313092,48.827507,3
513233,0,0,2007,15.067035,9.3277674,.029588608,48.168465,17.290539,1.3342956,56.734787,3
513301,0,0,2007,13.576371,10.066916,.26639816,7.0077195,43.941929,2.382504,14.715052,3
513322,0,0,2007,20.981239,9.1234903,.17814566,16.523073,39.217346,2.0668094,41.210152,3
513323,0,0,2007,21.520271,9.2097044,.097676069,21.987114,34.581512,1.7462634,69.621895,3
513324,0,0,2007,20.537403,10.059908,.22826622,13.708769,70.423309,1.7105377,37.234035,3
513325,0,0,2007,23.741516,8.9598179,.034904294,33.365765,22.263016,1.4584347,109.76422,3
513326,0,0,2007,16.51519,8.8038931,.063430071,28.857193,20.373016,1.5823621,77.262123,3
513327,0,0,2007,12.475274,8.7211304,.023911366,42.729832,12.723311,1.3862944,92.313858,3
513328,0,0,2007,13.769115,8.7680464,.028665192,42.859268,11.152782,1.7520607,73.367676,3
513329,0,0,2007,16.082903,8.9347143,.012438198,34.186539,12.113226,1.442739,78.297157,3
513330,0,0,2007,12.187971,8.4068708,.023721201,46.893436,14.473473,1.9118379,80.186607,3
513331,0,0,2007,34.046299,9.3695211,.035148598,43.539745,23.36602,1.4348955,91.928635,3
513332,0,0,2007,15.734739,8.5509396,.017865632,50.976578,7.9713826,1.8613846,88.173027,3
513333,0,0,2007,9.0982151,8.7174759,.021436568,42.782192,16.402544,1.3261117,103.45167,3
513334,0,0,2007,14.276736,8.9661579,.027188567,41.812408,16.606358,1.6226397,90.045937,3
513335,0,0,2007,20.692522,9.1514425,.045122426,23.981319,46.806213,1.5114037,62.38599,3
513336,0,0,2007,23.017969,9.3323412,.02910319,24.159267,27.435474,1.0296195,90.396782,3
513337,0,0,2007,17.768677,9.0522413,.039581779,39.808292,17.562241,1.0413165,88.897171,3
513338,0,0,2007,23.028667,9.1585417,.03395186,30.049601,23.732487,.88907605,97.531334,3
513401,0,0,2007,21.397034,10.224728,.50207347,16.927763,41.216366,4.0712295,8.1521606,3
513422,0,0,2007,30.697392,9.1353455,.075946778,40.951675,19.581242,2.5519989,56.401699,3
513423,0,0,2007,30.468445,9.3920364,.24604923,39.371277,36.689575,3.5055304,25.598753,3
513424,0,0,2007,16.613716,9.6637678,.34394845,34.084499,35.003857,2.9583378,14.497084,3
513425,0,0,2007,26.935186,10.083083,.4447411,29.963686,40.676811,3.787946,9.6281471,3
513426,0,0,2007,20.534672,9.9166193,.4176847,41.668194,37.47979,3.6251814,12.904014,3
513427,0,0,2007,20.9818,9.4759073,.30798772,42.37793,18.215708,2.8791671,16.644018,3
513428,0,0,2007,15.714596,9.081522,.1282787,39.550915,28.237886,2.6625824,29.985008,3
513429,0,0,2007,24.958263,8.9986506,.076276951,44.895332,25.804417,2.6741328,39.492554,3
513430,0,0,2007,27.800373,9.1175585,.042200569,53.863506,14.454961,2.716866,46.078564,3
513431,0,0,2007,16.668169,8.5790405,.048472799,52.067993,10.567336,3.1511488,40.548611,3
513432,0,0,2007,17.842363,8.9314718,.10486349,33.055885,32.795692,2.7531388,33.18856,3
513433,0,0,2007,16.66873,9.478591,.3046273,24.923464,46.536335,3.5243504,12.441093,3
513434,0,0,2007,15.696454,8.9760113,.16531941,34.654297,31.243597,3.3017287,27.029762,3
513435,0,0,2007,17.560486,9.2628498,.25152802,25.532175,52.211792,2.9320602,25.856249,3
513436,0,0,2007,17.270824,8.5838804,.078052759,53.321079,20.242275,2.9735627,43.40337,3
513437,0,0,2007,27.739347,9.2460117,.1937101,39.78875,32.990314,3.1570003,25.731197,3
520121,1,0,2012,19.792473,10.639803,.44647449,18.070335,53.86874,3.7745509,17.413319,3
520122,1,0,2012,19.156555,10.927093,.3568899,11.432236,62.586441,3.2448947,16.708408,3
520123,1,0,2012,21.946388,10.667658,.3585273,16.697632,40.589088,3.4231648,17.586193,3
520181,1,0,2012,18.700207,10.698895,.4338868,10.864608,48.620941,3.9294462,13.931079,3
520221,1,0,2009,24.357752,9.4280872,.33841461,16.408878,55.144299,4.3488603,19.896749,3
520281,0,0,2007,23.61421,9.6753941,.61010814,10.853246,64.770905,4.7564516,10.080732,3
520322,1,0,2009,26.329851,9.3338575,.22767872,29.234547,31.397861,4.2091408,19.942469,3
520323,1,0,2009,28.175756,9.2405224,.16046871,45.493519,20.7241,3.9550679,24.330606,3
520324,1,0,2009,27.498316,8.891264,.12489296,48.970173,12.612236,4.1152167,33.698193,3
520325,0,0,2007,22.825958,8.5977459,.16915837,48.98735,16.555355,3.5164096,24.915956,3
520326,0,0,2007,22.776567,8.443634,.16799642,50.408947,15.494452,3.7688634,27.282576,3
520327,1,0,2009,25.87335,9.0305576,.13363625,42.616325,13.612341,3.7416146,27.55402,3
520328,1,0,2009,27.511854,9.1587391,.17332152,36.487827,19.858313,3.871201,29.364038,3
520329,1,0,2009,21.29689,9.4982929,.27436543,38.226742,23.155548,3.3567462,21.249706,3
520330,1,0,2009,24.034197,9.3618813,.17860089,26.05155,37.414783,4.2219496,21.308558,3
520381,1,0,2012,17.907541,10.280514,.21008904,18.313599,43.708382,3.4246662,26.645172,3
520382,1,1,2009,27.054611,10.743621,.60079271,10.454578,71.790756,4.1420074,9.5925503,3
520422,1,0,2009,22.627186,9.2277145,.31077006,21.081245,53.387093,3.7900236,22.409573,3
520423,0,0,2007,25.527952,8.8231926,.23219639,25.091805,38.721817,3.5360231,22.361403,3
520424,0,0,2007,22.972282,8.7629585,.19246989,39.641201,33.700859,3.4862504,24.488417,3
520425,0,0,2007,27.60412,8.3854551,.1443949,55.146908,16.154713,3.5456855,32.522659,3
520521,1,0,2009,28.95557,9.3015833,.34793809,33.537697,37.773304,4.6156363,23.087446,3
520522,1,0,2009,23.662283,9.4570532,.32547557,27.317667,41.505272,4.4634771,17.911129,3
520523,1,0,2009,24.759939,9.8472109,.49373388,20.905296,56.664467,4.1275764,17.932123,3
520524,1,0,2009,25.408854,9.1283894,.36468089,39.639263,26.958948,4.601687,27.99641,3
520525,1,0,2009,21.450974,9.4397573,.32309359,21.40299,57.037964,4.4380426,15.386727,3
520526,0,0,2007,19.882481,8.404604,.28759041,40.821827,27.693491,4.7331061,19.642532,3
520527,1,0,2009,19.936287,8.8485022,.17769741,39.4841,26.066286,4.2434268,30.493048,3
520621,1,0,2012,22.486938,9.8768539,.12575199,35.290882,24.352242,3.1600962,49.330963,3
520622,0,0,2007,25.273104,9.7118816,.39045537,21.878977,48.738689,2.6390574,15.224283,3
520623,1,0,2009,23.749464,9.0089588,.1448517,49.494907,13.355323,3.6686509,36.679947,3
520624,1,0,2009,26.598604,9.1577568,.15052801,46.980305,28.653664,4.1743083,27.642065,3
520625,0,0,2007,32.348541,8.6903114,.17845671,57.088928,14.695251,3.7214062,25.849186,3
520626,1,0,2009,25.597155,9.2615328,.16238575,51.8549,15.984316,3.8923473,27.004545,3
520627,0,0,2007,26.825436,8.5533276,.17886819,54.306004,15.496342,4.0488486,26.456093,3
520628,0,0,2007,29.704594,8.6751451,.16969296,48.044136,24.926548,4.1743083,21.685041,3
522301,0,0,2007,16.811558,9.6680756,.5669471,17.518408,46.614994,4.3128939,9.0956469,3
522302,0,0,2007,27.494511,8.9034796,.35665372,34.749931,33.188908,3.8570144,22.598726,3
522323,0,0,2007,27.155205,8.8807898,.41479474,32.350739,40.138542,3.3898969,28.11722,3
522324,0,0,2007,29.67008,8.6582508,.22548802,33.467491,32.884808,3.3439016,31.52252,3
522325,0,0,2007,30.399063,9.0288973,.30331665,37.99136,40.728046,3.5741286,22.563644,3
522326,1,0,2013,26.759321,9.7928295,.075167425,32.550064,9.972085,3.4675043,85.154266,3
522327,1,0,2013,22.86314,9.8406439,.10572585,32.626957,13.30101,3.1700885,64.77179,3
522328,0,0,2007,23.390318,8.9651337,.3432948,31.985102,34.549698,3.7612002,16.107199,3
522601,0,0,2007,16.187742,9.6152391,.65284872,12.14013,41.037415,3.8358102,7.7716508,3
522622,1,0,2013,17.352993,9.7055588,.14229837,33.917652,11.377975,3.644815,51.822838,3
522623,0,0,2007,23.391081,8.9559784,.31677201,32.532936,36.426113,2.7725887,29.09507,3
522624,0,0,2007,26.853458,8.7120743,.15256967,31.223831,28.346493,3.0445225,29.306971,3
522625,0,1,2007,26.272079,9.110013,.35151914,34.921829,34.243629,3.2580965,17.533718,3
522626,0,0,2007,27.676304,8.7794294,.13883227,38.307774,28.083916,3.1058598,29.380245,3
522627,0,0,2007,33.266457,8.806715,.20521438,39.104145,25.674971,3.7049344,24.602922,3
522628,0,0,2007,27.587027,8.7641153,.15140013,28.966585,29.633316,3.120677,36.610752,3
522629,0,0,2007,26.747116,8.5827971,.11146965,43.64246,19.89283,3.1916611,38.445095,3
522630,0,0,2007,26.89015,8.7657709,.14053041,40.693913,26.012341,2.7080503,38.70504,3
522631,1,1,2013,16.19755,9.7313805,.11450415,24.282827,29.722168,3.9632463,50.350288,3
522632,0,0,2007,25.098734,8.5549259,.11503525,52.634174,13.49231,3.4965076,31.634407,3
522633,1,0,2013,15.916916,9.6966572,.14786799,31.984718,29.337854,3.5379212,46.837326,3
522634,0,0,2007,29.577894,8.6164799,.11077281,35.829502,21.443825,2.7080503,44.306328,3
522635,0,0,2007,28.660484,8.6879187,.17903861,37.74852,31.273857,3.1058598,29.413609,3
522636,1,0,2013,15.133314,9.8929396,.11201738,27.203602,26.807138,2.8273039,77.396378,3
522701,0,0,2007,21.287321,9.5607281,.4407523,13.591908,39.566109,3.871201,12.765398,3
522702,0,1,2007,20.724665,9.6646557,.47173449,23.319822,48.154694,3.4339871,10.093509,3
522722,1,0,2014,14.773047,10.57925,.23655562,15.067955,34.068413,2.8646722,39.372635,3
522723,0,0,2007,19.154339,9.2441311,.29091445,19.032579,49.146225,3.3200819,13.26745,3
522725,0,0,2007,27.490389,8.9629955,.28260899,35.876179,32.672821,3.7916806,18.621691,3
522726,1,0,2014,16.538929,10.190674,.17390878,23.753067,36.833931,3.5521033,39.019863,3
522727,1,0,2012,24.615036,9.7258759,.11051717,34.983326,22.83247,3.4684334,61.3209,3
522728,1,0,2014,14.69817,10.128925,.13677195,23.315317,39.084412,3.5326052,44.008984,3
522729,1,0,2014,16.086216,10.246465,.26776853,22.065617,30.919556,3.2498505,31.260151,3
522730,0,0,2007,20.723499,9.5294333,.31756309,13.919568,68.474991,3.0445225,14.439841,3
522731,0,0,2007,23.155363,8.7651205,.20794709,41.942959,30.182781,3.7612002,20.967197,3
522732,0,0,2007,21.977175,8.4207478,.10919935,50.135307,10.811301,3.455153,33.742188,3
530124,0,0,2007,20.290085,9.6557922,.28729844,27.787706,39.208664,2.6390574,17.414261,3
530125,0,0,2007,15.755306,9.8603764,.62507319,34.405525,27.73806,3.713572,7.4857383,3
530126,0,0,2007,17.501595,9.467802,.42530984,30.560997,24.756027,3.1496809,16.752064,3
530127,0,0,2007,21.302216,9.3763542,.36615592,30.055212,37.581978,3.5456855,16.302961,3
530128,0,0,2007,18.591053,8.8027554,.23599637,43.500027,17.842724,3.8139889,24.158657,3
530129,0,0,2007,19.862572,8.816432,.2311186,38.581436,19.464064,3.9316974,24.037975,3
530181,0,0,2007,12.957066,10.555778,.69357699,6.3294873,64.483292,3.2958369,11.556076,3
530322,0,0,2007,18.768974,9.4925461,.3807995,37.104244,34.954678,4.1162939,11.544698,3
530323,0,0,2007,17.044607,9.347887,.36263621,33.171734,37.111233,3.6282222,15.47452,3
530324,0,0,2007,14.601739,9.4501381,.38934177,23.528654,41.882908,4.0252452,10.628008,3
530325,0,0,2007,17.173164,9.5159292,.47806051,25.200558,47.87204,4.2903972,11.668814,3
530326,0,0,2007,15.562669,9.1570368,.43848133,15.305101,65.512955,4.5396533,16.548824,3
530381,1,0,2010,11.826469,9.5939875,.37447888,22.245819,46.543781,4.9725509,17.375664,3
530423,0,0,2007,13.785621,9.5614643,.40565917,22.90626,45.889221,3.3079596,11.264183,3
530424,0,0,2007,16.664879,9.5251894,.38144574,31.619192,28.164528,3.028259,15.08502,3
530425,0,1,2007,17.6035,9.7437115,.3537187,23.586605,39.483162,2.8332133,18.528204,3
530426,0,0,2007,15.390735,9.7972717,.3860589,21.31624,39.627087,2.7080503,20.306372,3
530427,0,0,2007,24.293768,9.7053032,.33530229,26.321125,45.336502,3.2958369,24.688019,3
530428,0,0,2007,16.693277,9.4111204,.27587759,35.126427,28.058588,2.9957323,21.587723,3
530481,0,0,2007,19.61021,9.8039999,.38347173,23.406509,41.839218,2.7725887,16.673622,3
530521,0,0,2007,19.155649,8.7505169,.17760292,44.321136,13.066484,3.4965076,22.374073,3
530523,0,0,2007,20.59141,9.0857573,.23381986,36.233486,32.356678,3.3079596,23.911142,3
530524,0,0,2007,21.234844,9.0905828,.2380147,44.512775,23.746397,3.5263605,18.588783,3
530581,0,0,2007,19.270222,9.1406088,.28476539,31.699234,23.418774,4.1324677,18.702381,3
530621,0,0,2007,19.165743,8.6162844,.13045484,36.455563,33.516308,3.6888795,33.160576,3
530622,0,0,2007,18.778402,8.3972683,.10567784,47.283562,21.106262,3.9827533,24.825535,3
530623,0,0,2007,16.461159,8.5328674,.10897367,30.880775,37.1362,3.6375861,26.386894,3
530624,0,0,2007,13.781852,8.3605843,.071603,40.183605,25.567743,3.2706766,31.7953,3
530625,0,0,2007,17.125566,8.7037497,.11440476,33.225494,33.657063,3.7455132,20.874538,3
530626,0,0,2007,24.045067,8.7638903,.10596643,26.372904,23.739464,2.7725887,33.825336,3
530627,1,0,2010,16.600527,8.6257715,.10548203,37.725719,24.360966,4.953207,43.684502,3
530628,0,0,2007,23.592892,8.4265404,.14977188,40.775852,26.360722,4.0012169,24.819399,3
530629,0,0,2007,20.02264,8.3984604,.10998817,30.833212,23.378113,3.6720009,31.728489,3
530681,0,0,2007,9.0553608,10.128365,.41616684,6.7538562,72.273727,2.3025851,11.746841,3
530721,0,0,2007,23.357094,8.9995899,.15941605,37.596813,23.415588,3.0445225,35.813358,3
530722,0,1,2007,20.504885,8.7468481,.12332814,36.464275,23.428621,3.6635616,26.71286,3
530723,0,0,2007,20.197046,9.5304661,.26425019,19.863611,44.994766,2.7080503,28.958866,3
530724,0,0,2007,19.757128,8.5292635,.06922207,34.394093,25.509171,3.1916611,39.714664,3
530821,0,0,2007,21.692905,9.3119593,.20311175,33.014297,24.994226,2.9444389,21.462717,3
530822,0,0,2007,18.851435,8.6535301,.19462772,31.330202,29.530226,3.5741286,25.452232,3
530823,0,0,2007,18.467846,8.8334093,.29953876,42.143738,22.503458,3.5741286,22.921267,3
530824,0,0,2007,23.526258,9.3272467,.31816858,33.097,38.955284,3.4011974,17.125513,3
530825,0,0,2007,24.280313,8.820056,.13088541,42.009247,21.688633,3.0445225,33.762356,3
530826,0,0,2007,16.514891,9.1363649,.16295284,40.168854,26.288986,2.2674649,25.404221,3
530827,0,0,2007,15.49727,8.8459225,.16855519,37.663025,25.61087,2.4849067,29.527641,3
530828,0,0,2007,17.972395,8.4875956,.12554608,38.40279,29.572605,3.8641832,28.611197,3
530829,0,0,2007,14.94826,8.3727751,.049857948,27.749512,19.811783,2.1579635,58.313568,3
530921,0,0,2007,29.496912,8.7382059,.22422537,43.789406,23.17477,3.7612002,22.097246,3
530922,0,1,2007,13.04089,9.1379366,.41346946,29.72633,47.027103,3.713572,12.591909,3
530923,0,0,2007,20.531492,8.563673,.13926125,42.926289,27.161867,3.4965076,25.499954,3
530924,0,0,2007,24.681574,9.0357647,.12589943,36.552631,32.91851,2.7725887,28.135574,3
530925,0,0,2007,20.307207,8.8390322,.119645,43.337383,22.854464,2.8130052,27.655062,3
530926,0,0,2007,21.056017,9.1755896,.17023647,43.2076,25.26145,3.2580965,17.539331,3
530927,0,0,2007,17.247927,8.8112783,.099236399,37.615417,25.226826,2.7725887,29.579851,3
532301,0,0,2007,16.086403,10.13687,.59405625,11.922525,57.762852,3.9052887,7.7331676,3
532322,0,0,2007,18.754293,8.8709736,.18010089,48.772869,18.691502,2.751076,30.029879,3
532323,0,0,2007,19.991203,9.070507,.20153175,41.759895,25.98682,2.9957323,22.750229,3
532324,0,0,2007,19.908482,8.9608383,.24204008,46.115185,22.224794,3.1496809,23.036913,3
532325,0,0,2007,15.552409,9.0629997,.17489059,38.319603,27.429016,3.0445225,18.180899,3
532326,0,0,2007,14.177745,9.1192837,.2079791,30.742931,39.72477,3.3322046,17.338766,3
532327,0,0,2007,18.253115,9.1545973,.14687432,42.323376,22.389648,2.3343551,29.630112,3
532328,0,0,2007,18.756723,9.0523043,.19926153,43.845558,18.848478,3.0445225,23.47188,3
532329,0,0,2007,17.760498,8.9396858,.20060617,42.880009,22.978102,3.2958369,21.469982,3
532331,0,0,2007,16.288467,9.7484007,.40638071,23.667839,35.859066,3.7376697,11.170417,3
532501,0,0,2007,17.081377,10.099896,.57608974,6.45681,67.073898,3.6635616,11.41083,3
532502,0,0,2007,18.5313,10.09717,.59583664,14.173792,50.963615,3.2580965,11.03172,3
532503,0,0,2007,22.09424,9.6017656,.5167805,24.433043,37.07814,3.5064585,16.333675,3
532504,0,0,2007,12.962251,10.071378,.58882332,7.5165281,82.173332,3.9186239,5.8325706,3
532523,0,0,2007,16.17889,8.8577089,.15403281,33.683533,34.988552,2.7080503,27.271378,3
532524,0,0,2007,16.761965,9.2650976,.41334739,25.778532,35.589417,3.9186239,14.35832,3
532525,0,0,2007,14.03321,8.9931345,.29909196,44.612755,24.590532,3.3785963,19.800215,3
532527,0,0,2007,18.446314,8.9370871,.39932775,28.805124,33.324463,3.6462445,18.311893,3
532528,0,0,2007,16.617455,8.402029,.11477154,39.481609,18.233379,3.6286967,26.016624,3
532529,0,0,2007,16.08465,8.3327208,.076702043,50.557335,14.949622,3.322927,30.563515,3
532530,0,0,2007,15.113026,8.5200348,.18932182,37.541862,34.531075,3.4759932,33.864788,3
532531,0,0,2007,21.670975,8.3610544,.14289214,41.096344,23.19343,3.0445225,44.409679,3
532532,0,0,2007,21.137072,9.6083355,.34260878,24.847988,19.178177,2.1187027,25.887674,3
532601,0,0,2007,16.218235,9.8392525,.49778688,16.346733,41.063622,3.7816594,11.667166,3
532622,0,0,2007,18.583271,9.1740389,.28962529,28.663376,39.959961,3.8139889,15.236794,3
532623,0,0,2007,13.944466,8.4844179,.099284038,40.437294,16.31588,3.2188759,32.853142,3
532624,0,0,2007,17.896744,8.9789095,.16435303,32.962536,33.420174,3.3200819,23.348902,3
532625,0,0,2007,16.981583,9.074379,.20854048,32.253059,34.112766,3.5741286,20.802053,3
532626,0,0,2007,17.418072,8.4942131,.16177824,49.110901,14.304425,3.8284838,25.965309,3
532627,0,0,2007,17.762318,8.4626369,.15395272,51.155598,18.390211,4.3306756,21.770473,3
532628,0,0,2007,14.178756,8.9387894,.20677584,34.229881,31.233662,3.6804402,19.699995,3
532801,0,0,2007,14.355329,9.6319351,.44405505,29.828716,26.213661,3.6375861,8.5317144,3
532822,0,0,2007,20.623953,9.2649698,.16247782,30.123636,26.521948,3.4011974,17.025259,3
532823,0,0,2007,11.604984,9.4972448,.20593418,46.987839,18.319939,3.0119958,12.222465,3
532901,0,0,2007,12.477187,10.151561,.7789703,9.731041,45.010941,4.0887423,7.9226198,3
532922,0,0,2007,18.901939,9.0907555,.22893026,40.666805,34.201561,2.3025851,35.049377,3
532923,0,0,2007,19.652456,9.3536119,.41612479,36.516727,36.322529,3.8213151,12.52482,3
532924,0,0,2007,15.296341,9.3906927,.26612642,53.486042,17.383312,3.4965076,13.101609,3
532925,0,0,2007,17.563147,8.7687349,.21518327,37.508583,24.287466,3.455153,19.789984,3
532926,0,0,2007,25.737316,8.9128237,.34045714,44.840977,10.259535,3.0910425,26.249151,3
532927,0,0,2007,15.218365,8.7923021,.2135741,43.4678,19.70211,3.4121273,19.366436,3
532928,0,0,2007,16.206299,9.0326853,.21496318,48.276077,15.342542,2.8713191,20.840845,3
532929,0,0,2007,22.045578,9.0090427,.15717776,41.212013,27.901041,2.9957323,26.858826,3
532930,0,0,2007,17.370132,9.0055971,.23303638,42.894665,22.154615,3.3200819,20.896652,3
532931,0,0,2007,14.241217,8.8583145,.19641335,31.760283,37.485622,2.8332133,29.105217,3
532932,0,0,2007,25.014801,8.9928713,.25093338,32.218433,35.576847,3.2832568,24.046673,3
533102,0,0,2007,16.157654,9.598772,.38770413,23.081661,18.419865,2.4849067,19.702274,3
533103,0,0,2007,17.356409,9.200942,.28196642,32.290138,24.350565,3.5456855,16.548023,3
533122,0,0,2007,17.934744,8.6077967,.14619893,31.662384,23.10836,2.7725887,41.94482,3
533123,0,0,2007,23.435566,9.2521534,.26678991,33.816692,29.950409,3.2958369,23.990131,3
533124,0,0,2007,14.574591,9.0502272,.16102034,41.27903,26.578539,2.8522661,26.106215,3
533301,0,0,2007,13.179779,9.1538057,.19195722,17.876558,25.399141,2.7725887,35.278168,3
533323,0,0,2007,11.781888,8.50175,.055363189,32.286236,28.120872,2.2323449,60.907932,3
533324,0,0,2007,17.513767,9.0709953,.10465595,30.704248,21.989197,1.3862944,64.493469,3
533325,0,0,2007,-.030808639,9.3517733,.31874019,14.789421,61.254887,2.9957323,25.71846,3
533401,0,0,2007,20.078667,10.145823,.18309365,19.18639,37.672607,2.6143546,25.249334,3
533422,0,0,2007,25.287512,9.6087971,.070103563,23.011292,33.174274,1.7917595,53.617256,3
533423,0,0,2007,20.297333,9.2079611,.058086045,31.07708,24.643833,2.7080503,36.318085,3
610122,1,0,2007,20.436415,9.1154575,.26843357,27.345997,31.37274,4.1490717,8.8942995,3
610124,1,0,2009,,8.9757566,.093912765,27.781334,27.889812,4.1790352,15.518593,3
610222,1,0,2007,29.05641,9.076786,.14267261,39.1633,35.710697,2.2329664,29.860249,3
610322,0,1,2007,,9.7092962,.34158316,19.847704,54.984043,3.9270079,4.9622655,3
610323,0,1,2007,17.952337,9.6273651,.34160364,12.721841,62.285065,3.8256643,4.85006,3
610324,1,0,2009,,9.3549604,.10589223,23.832621,42.842682,3.8439355,10.145474,3
610326,0,0,2007,19.295656,9.4645405,.25001922,19.05216,56.01049,3.4165978,6.9273362,3
610327,1,0,2009,,9.212039,.17974126,39.10936,27.017256,3.2363822,13.857416,3
610328,0,0,2007,21.133213,9.0252876,.21386981,41.508514,26.227493,2.5419602,16.175215,3
610329,0,0,2007,21.121632,9.1546745,.14106078,40.320534,26.534872,2.1679099,15.393882,3
610330,0,0,2007,43.083904,10.396461,.38882837,4.1417017,64.222534,2.3039689,8.9041862,3
610331,1,0,2007,25.506083,9.3581038,.14936911,36.334309,40.332253,1.6485304,20.57757,3
610422,0,1,2007,22.941772,9.6838179,.24938089,31.040503,39.656834,3.6938422,7.0252824,3
610423,0,0,2007,19.501112,9.4380789,.27157131,43.459801,27.667871,3.9148786,5.8672471,3
610424,0,0,2007,19.248888,9.1091146,.21778323,26.228401,34.470299,4.0303316,7.6715212,3
610425,0,0,2007,20.479294,9.2094784,.18413652,35.659729,24.71052,3.8351576,8.5463886,3
610426,1,0,2007,28.207649,8.8783522,.15248483,45.285233,22.932817,2.9767239,17.548025,3
610428,0,0,2007,33.929161,9.0322104,.18890232,28.802553,29.721361,2.8545914,18.343235,3
610429,0,0,2007,39.168549,9.1895247,.14935808,49.209278,25.300755,3.3038926,16.864857,3
610430,1,0,2009,,9.3748369,.074841194,59.60601,18.243994,3.0208752,16.630249,3
610431,1,0,2009,,9.2662477,.086221896,27.832357,39.94894,3.7752178,11.036341,3
610481,0,1,2007,19.865101,9.4913702,.31696457,18.952299,49.606709,4.0349565,6.1270499,3
610482,0,0,2007,50.101833,9.4198742,.25217533,26.779356,42.488556,3.4857891,15.741121,3
610522,0,0,2007,31.136086,9.0043764,.43204886,8.6461248,36.704937,2.7717035,12.198924,3
610523,1,0,2007,19.613537,8.6926718,.140397,30.392605,18.676697,4.2529149,10.875848,3
610524,0,0,2007,25.405815,8.6389408,.15222819,31.148409,24.237341,3.7786145,14.342114,3
610525,0,0,2007,20.896006,8.9529428,.22246604,26.500784,39.629284,3.6624787,11.906988,3
610526,1,0,2009,,9.1217279,.17404285,21.117073,42.15498,4.3285685,10.937837,3
610527,0,0,2007,20.891867,9.0231199,.16818552,35.588737,26.816092,3.328774,14.069654,3
610528,1,0,2009,,8.7835493,.091213882,30.558155,29.244108,4.3406024,16.833481,3
610581,0,1,2007,22.22764,10.084364,.60301238,9.2423782,67.482269,3.655705,5.5815325,3
610582,0,0,2007,26.52453,9.3393517,.35054135,10.370682,49.947056,3.2445099,8.1899872,3
610621,1,0,2007,39.422047,9.5895472,.40858802,27.299026,38.514393,2.6788888,31.130163,3
610622,1,0,2013,,,.18649615,5.5107269,79.865143,2.9674079,13.859312,3
610625,0,1,2007,88.035049,11.475521,1.1330727,8.9577694,69.809906,2.5855701,26.155268,3
610626,0,1,2007,51.993401,11.025232,1.0155126,15.263088,67.450485,2.5208683,37.445137,3
610627,0,0,2007,16.1035,9.9547272,.77815479,13.242086,62.539486,2.0685718,27.650602,3
610628,0,0,2007,16.710043,8.9191427,.1882482,33.448048,34.540337,2.691582,22.545477,3
610629,0,0,2007,26.296417,10.73598,.26196694,14.776309,75.669319,2.9938245,4.9888611,3
610630,0,0,2007,30.814798,8.687356,.092197314,40.395256,12.093279,2.4391644,42.838375,3
610631,1,0,2007,29.435743,9.0323124,.053522836,54.64418,9.456913,1.5740693,54.206654,3
610632,0,0,2007,47.003075,10.393451,.58981311,13.236725,55.574955,2.501662,14.932461,3
610681,0,0,2007,45.187153,9.7230883,.64942282,17.393688,50.142925,3.196584,25.026943,3
610722,0,0,2007,18.914246,9.3109379,.2068335,33.867172,32.504105,3.9420059,7.6127248,3
610723,0,0,2007,,,.18218727,27.168945,40.375977,3.7823372,10.406738,3
610724,0,0,2007,21.204544,8.8289528,.14758614,35.88345,27.741367,3.6986761,14.346266,3
610725,0,0,2007,18.593027,9.2480392,.30845264,21.697187,51.31842,3.7496443,8.98388,3
610726,0,0,2007,21.271017,8.8375721,.18185559,38.64904,26.880898,3.5168922,14.376386,3
610727,0,0,2007,16.752918,9.4926987,.40968013,14.239498,51.589825,3.0036991,10.078188,3
610728,1,0,2009,,8.994297,.064346023,41.167011,14.674538,3.3409042,20.762465,3
610729,1,0,2007,18.148056,9.1012506,.10611635,29.920341,23.300257,1.5004274,23.48023,3
610730,1,0,2007,21.423302,8.7370405,.10265542,23.472328,29.167648,1.204569,42.963337,3
610822,0,1,2007,75.18309,10.5824,.65626627,4.67802,56.697338,3.0603004,14.466008,3
610824,0,1,2007,20.575241,11.180399,.6448741,4.0689344,88.794769,3.3660326,5.3863535,3
610825,1,0,2007,52.327583,10.410655,.51374847,17.909683,63.404663,3.4445117,14.684427,3
610826,0,0,2007,33.93362,8.6518002,.098450176,26.557104,12.591269,3.55527,27.966303,3
610827,0,0,2007,44.872665,8.9158564,.06312038,21.735945,23.065481,3.039556,32.268551,3
610828,1,0,2007,41.971458,8.3953371,.033554535,46.78495,7.1373272,3.201627,40.136086,3
610829,0,0,2007,33.498016,8.9333868,.067043126,22.745667,16.845587,2.0564578,43.734814,3
610830,1,0,2009,,9.1502714,.031224234,45.280807,15.261702,3.0610707,42.716568,3
610831,0,0,2007,53.772278,8.5989084,.075384691,34.621399,11.746839,3.415448,37.562912,3
610881,0,0,2007,54.053375,11.182647,.76811028,5.0683937,68.670944,3.6278722,10.308622,3
610921,0,0,2007,22.229485,8.9460077,.15001275,41.628048,23.764879,3.3773644,15.486131,3
610922,0,0,2007,27.710178,9.1761961,.13075773,27.674732,28.058933,2.9109545,14.627552,3
610923,1,0,2007,24.644724,9.3212833,.10024567,33.033009,31.21063,2.008347,19.311857,3
610924,1,0,2009,,9.0128641,.10261896,43.748604,16.409533,3.5235174,20.677572,3
610925,1,0,2007,19.921526,8.8407421,.12434348,37.856922,26.913872,2.8346727,18.987291,3
610926,0,0,2007,23.719822,9.0080795,.14513831,43.080208,24.314623,3.133158,17.62347,3
610927,0,0,2007,22.553022,9.1445227,.119872,38.50666,24.178307,1.7534724,26.019722,3
610928,0,1,2007,21.87862,9.1326132,.26814646,22.690626,38.205578,3.8099604,12.462576,3
610929,0,0,2007,21.861855,9.0155697,.13995633,39.301239,23.622885,3.0314736,18.960541,3
611021,0,0,2007,23.194977,8.7983112,.19816773,32.505714,38.145992,3.8094361,15.110631,3
611022,1,0,2007,26.818548,8.8567352,.16151148,32.753784,29.616369,3.4076321,16.832748,3
611023,0,0,2007,29.552456,8.9620781,.1545274,35.675228,27.314861,3.1524012,19.880308,3
611024,1,0,2009,,8.9068003,.11250971,25.820259,35.664597,3.7820241,22.138435,3
611025,1,0,2007,17.532207,9.1256866,.17114717,31.099453,31.933878,3.3545387,12.753737,3
611026,0,1,2007,26.442787,9.365139,.19080332,21.14003,35.894676,2.7421498,16.089094,3
620121,1,0,2007,17.811697,9.6035662,.29583839,13.338628,52.401337,3.9250965,9.2495403,3
620122,1,0,2009,29.443907,9.7867489,.1577117,18.787882,52.992832,2.8351684,20.545235,3
620123,1,0,2007,33.807079,9.1853733,.23370054,25.809748,47.768639,3.7376697,18.752594,3
620321,1,0,2011,9.3273125,10.074195,.17560793,22.432079,49.33894,3.2568119,18.338213,3
620421,1,0,2009,13.469564,9.2235126,.07501927,36.387386,24.720633,3.8379769,20.899416,3
620422,1,0,2007,19.875492,8.5163755,.048252545,35.771461,24.891821,4.0546455,23.520632,3
620423,1,0,2009,17.710115,9.8084679,.11904527,23.114157,37.752964,3.1369405,17.557419,3
620521,1,0,2011,12.523218,9.3558321,.056784686,33.579422,20.856258,3.4402411,49.034698,3
620522,1,0,2009,18.152897,8.7816877,.11945061,31.606958,22.454649,4.0920224,29.488667,3
620523,1,0,2011,13.294703,9.0209322,.14331669,30.538908,33.588749,4.0897264,28.200874,3
620524,1,0,2009,16.883215,8.9303865,.078106612,37.505119,24.475636,3.7704101,28.26734,3
620525,0,0,2007,21.409142,8.315649,.059722841,27.312069,27.335506,3.455153,33.831581,3
620621,1,0,2007,14.208669,9.2680435,.1003038,49.276093,19.643024,3.4230573,13.889299,3
620622,1,0,2009,13.571012,8.898675,.060017247,26.850542,31.196753,3.6678081,27.55492,3
620623,0,0,2007,23.305574,9.1653423,.11671614,17.049896,39.395363,3.0755358,30.08716,3
620721,0,0,2007,29.428671,10.403378,.23393385,28.298613,45.766605,1.3862944,38.475163,3
620722,1,0,2009,16.954147,9.4398232,.11981329,38.258743,30.451456,3.1752644,20.893459,3
620723,1,0,2007,16.879229,9.7299891,.22350509,36.611008,37.76226,2.7080503,11.245897,3
620724,1,0,2007,17.830475,9.6450262,.20332429,50.2677,29.103096,2.7725887,11.607016,3
620725,1,0,2009,16.145515,9.8074875,.13544714,22.813063,41.76244,2.9719002,15.903779,3
620821,1,0,2009,17.37472,9.3881321,.087151296,31.28647,32.038113,3.5224156,18.974749,3
620822,1,0,2011,11.252537,9.6001434,.048726261,41.029629,16.85465,3.1296461,44.482655,3
620823,1,0,2007,26.913963,9.5936489,.21272624,34.146339,45.887634,2.2674649,19.107597,3
620825,1,0,2009,20.60129,8.6549578,.05633286,41.230282,20.717024,3.7507868,45.07082,3
620826,1,0,2007,17.413212,8.3148794,.10203295,36.524975,31.822334,3.8501475,26.616865,3
620881,0,0,2007,22.444075,10.044084,.45597902,15.423396,64.299179,2.8713191,15.03023,3
620921,1,0,2007,20.994707,9.9208326,.12869424,49.724777,16.975283,2.662055,12.083007,3
620922,1,0,2009,18.983688,10.502669,.21635535,26.903784,35.346622,2.4241328,9.3185406,3
620923,0,0,2007,35.046844,11.652081,.26633462,7.4697499,63.63868,0,34.256573,3
620924,0,0,2007,24.443422,11.080692,.19392313,6.462266,60.154716,0,34.178383,3
620981,1,0,2011,-.3185266,11.249084,.17242691,6.2319775,72.376816,2.8332813,6.7531929,3
620982,1,0,2007,19.625509,10.320045,.23696026,29.455919,19.931952,2.8903718,9.3401089,3
621021,1,0,2009,12.855459,10.290302,.40532681,6.3033667,84.634369,3.4749498,8.2012968,3
621022,1,0,2011,28.201845,9.8681335,.10153227,19.028334,50.932987,3.5310848,43.520428,3
621023,1,0,2009,16.518003,10.912135,.12890396,5.632144,85.34111,2.5623753,10.028076,3
621024,1,0,2011,22.258465,10.297543,.077083349,28.849335,44.369846,2.8232625,42.052612,3
621025,1,0,2011,16.345804,9.4899187,.092115395,32.997066,26.450464,3.9556851,41.105228,3
621027,1,0,2007,29.812428,8.519309,.11915339,45.632084,18.053019,3.9382982,34.745209,3
621121,1,0,2009,24.566128,8.5714741,.033940207,46.890427,9.4088907,3.8336291,47.417484,3
621122,1,0,2009,18.369621,9.0733643,.10671549,28.141199,32.651253,3.8951356,26.741659,3
621123,1,0,2011,15.620851,8.8298931,.036917608,47.885452,8.9516869,3.5524786,61.336811,3
621124,1,0,2007,21.022209,8.4661217,.19249785,37.749081,29.892557,3.9765227,25.42729,3
621125,1,0,2011,17.708708,9.0079784,.042560544,42.041214,10.923155,2.9812906,68.365891,3
621126,1,0,2009,16.82826,8.3630648,.063363492,46.813545,20.516779,3.8012719,40.44981,3
621221,1,0,2011,14.863682,9.7459755,.12122407,23.496756,39.265808,3.2516239,47.567493,3
621222,1,0,2011,14.690147,9.0657406,.046789508,25.432529,39.661251,3.176662,148.23213,3
621223,1,0,2009,21.694948,8.3577223,.032617826,34.609241,24.912872,3.3585863,83.327904,3
621224,1,0,2011,17.317356,9.0101585,.034093954,32.58934,25.923906,2.9701953,141.90399,3
621225,1,0,2009,11.620332,8.4637918,.10202726,26.970194,29.995907,3.6800125,55.46497,3
621226,1,0,2007,21.019829,7.9584336,.055835195,45.679684,16.835396,3.9512436,43.44833,3
621227,1,0,2011,13.675841,9.7834969,.11831298,33.267677,37.891556,3.0879984,44.211784,3
621228,1,0,2011,16.113825,9.3549929,.025713647,38.200214,13.759649,1.6094379,130.83122,3
622901,0,0,2007,9.4242239,9.2150869,.23988937,15.374923,23.676079,3.0445225,17.534679,3
622921,0,0,2007,19.464169,8.2498789,.054327793,35.276825,23.199371,3.6286967,28.245853,3
622922,1,0,2011,15.610116,8.7445669,.038564544,37.053246,16.374569,3.2279253,72.04039,3
622923,1,0,2009,14.022925,9.5868225,.17181204,15.87969,62.996986,2.9923823,28.550039,3
622924,1,0,2011,14.291337,8.7320318,.04769133,23.023457,26.251593,3.11393,74.875992,3
622925,0,0,2007,14.648488,8.1333561,.06316027,43.765141,15.949049,2.9786346,42.985619,3
622926,0,0,2007,14.010158,7.8466482,.035020661,36.234825,22.01833,3.2958369,54.126827,3
622927,0,0,2007,13.409663,7.8795815,.045177869,40.485088,17.108263,3.1354942,53.491688,3
623001,0,0,2007,19.820198,9.597806,.11442728,12.025901,24.401518,2.1187027,38.708164,3
623021,1,0,2009,23.700958,8.8942232,.034283165,29.156086,15.810937,2.7080503,80.531021,3
623022,1,0,2011,13.623681,9.3538256,.038593076,35.209682,22.024158,2.344208,106.3912,3
623023,1,0,2011,15.467975,9.1053019,.019516323,32.729939,16.764139,2.6167271,155.15068,3
623024,1,0,2011,15.79472,9.6844692,.060662478,28.585619,26.50775,1.6896348,108.73719,3
623025,1,0,2011,5.158329,10.036699,.20008641,31.568504,39.048199,1.5888128,51.338104,3
623026,1,0,2011,12.404639,9.9740734,.37423968,34.555489,35.18512,1.2262764,37.331512,3
623027,0,0,2007,21.973818,9.0063124,.049808949,43.336201,18.781267,2.0794415,55.471794,3
630121,0,0,2007,8.7858648,9.645978,.38459584,8.2450333,80.381035,3.7666478,9.3063068,3
630123,1,0,2007,16.061394,9.2673483,.16187111,19.356834,51.241013,2.6043587,28.841103,3
630222,0,0,2007,17.895544,8.6275692,.12444907,19.436119,40.573032,3.6232002,23.362808,3
630223,0,0,2007,22.843679,9.063633,.14238834,27.924242,32.483788,3.6236544,21.029913,3
630224,0,0,2007,15.619386,8.9008713,.13867046,17.913202,57.608669,3.1572621,25.403231,3
630225,0,0,2007,9.3234549,8.8426495,.19278824,18.650126,47.900341,2.4574397,28.263123,3
632221,0,0,2007,16.997513,9.0398178,.15109305,32.187202,35.830093,2.7209413,22.258556,3
632222,0,0,2007,18.348974,9.6203413,.12685786,29.599926,40.190445,1.5356847,24.985386,3
632223,0,0,2007,180.69765,10.530345,.13168667,9.5927858,53.705082,1.1983948,44.824875,3
632224,0,0,2007,19.851147,9.4216003,.1322763,38.166363,14.492866,1.3905079,29.197044,3
632321,0,0,2007,13.344403,9.3750496,.07602711,28.658873,17.679718,2.0449684,24.329742,3
632322,0,0,2007,16.977032,10.15236,.26890841,7.4391799,81.30072,1.6461855,13.137088,3
632323,0,0,2007,20.939617,9.0479355,.018000409,67.537956,5.4428945,1.7529653,32.225151,3
632324,0,0,2007,18.078892,9.6607304,.059270285,66.442543,9.9992838,1.1992782,27.432755,3
632521,0,0,2007,16.337517,9.6257849,.12907711,17.072777,46.760834,2.4944041,31.31941,3
632522,0,0,2007,19.44743,9.2094307,.053633299,59.067871,15.937691,1.6263952,33.565937,3
632523,0,0,2007,23.164009,9.4075241,.19638042,15.718901,61.806797,2.2703643,21.776346,3
632524,0,0,2007,22.189066,9.5142937,.092833184,46.456593,28.933397,1.8223257,26.430992,3
632525,0,0,2007,18.706194,9.119978,.055632096,54.308407,18.254845,1.9319733,34.766964,3
632621,0,0,2007,24.635988,9.6770144,.030657345,13.062421,20.852083,1.3663071,65.995354,3
632622,0,0,2007,9.6137676,8.5846386,.045901481,54.685532,10.36513,.89673024,61.289276,3
632623,0,0,2007,5.2129812,8.2055387,.023114283,49.623753,12.934226,.90897727,71.881195,3
632624,0,0,2007,7.748385,8.350337,.027889522,62.438065,7.7141814,.91426617,79.425781,3
632625,0,0,2007,9.5388641,8.6545782,.02181438,52.700222,9.0605278,.78379959,64.23391,3
632626,0,0,2007,20.573269,8.8554621,.017818416,65.374237,6.3962088,.23887731,94.727608,3
632701,0,0,2007,17.527763,8.7992182,.11594564,56.40115,22.014631,2.1742404,46.50956,3
632722,0,0,2007,29.674421,9.3303204,.026588874,84.972,6.3235092,1.5016127,19.493921,3
632723,0,0,2007,90.975288,8.764349,.043824263,52.928848,26.39142,1.5086644,57.210186,3
632724,0,0,2007,13.325979,9.5369291,.018135242,69.688553,10.317241,.92629743,32.632988,3
632725,0,0,2007,8.24683,8.8161631,.014418053,73.600121,10.163413,1.881531,49.17802,3
632726,0,0,2007,69.012383,9.5706863,.029491888,63.623798,13.314122,.92368948,38.338516,3
632801,0,0,2007,36.010071,11.250768,.71353453,1.1039968,69.501839,2.4308043,6.5976477,3
632802,0,0,2007,23.170246,10.377481,.19061831,6.8124199,36.853588,1.8402517,15.020649,3
632821,0,0,2007,53.054829,10.060358,.13079272,28.924616,52.746788,2.2940121,47.94141,3
632822,0,0,2007,23.621336,9.2917881,.14403209,34.416538,36.128963,1.9315435,31.611876,3
632823,0,0,2007,48.104664,11.204638,.54018623,33.051514,40.491863,.62951541,30.045553,3
