county_code,D2,ln_gdppc_outcome,cate_lngdp,cate_lower,cate_upper,fiscal_autonomy_pre
130121,0.0,10.232866,-0.029536065540964884,-0.17761802175915276,0.11854589067722296,0.57586187
130123,0.0,10.299397,-0.28479228026480996,-0.5272121189750879,-0.04237244155453207,0.48170987
130125,1.0,9.8835011,0.12155940367738793,0.0005587479451767269,0.24256005940959913,0.2428599
130126,1.0,9.9120512,0.08746074968372142,0.0017310431578828611,0.17319045620955997,0.21250612
130127,1.0,9.995656,0.03036620769489673,-0.15457041081503817,0.2153028262048316,0.24747121
130128,1.0,9.9593124,0.0443683714834755,-0.044034028104762896,0.13277077107171387,0.35386902
130129,1.0,9.9838228,0.06529274543958152,-0.10469923269365977,0.2352847235728228,0.24343708
130130,1.0,10.000353,0.1037352210148228,-0.022594688326614154,0.23006513035625972,0.32712671
130131,1.0,10.349785,0.09318432598611537,-0.06251952547347353,0.24888817744570424,0.43536201
130132,1.0,10.112869,0.09743083684790577,-0.04580478643557087,0.24066646013138238,0.33120579
130133,1.0,9.9638605,0.14783515687522808,0.004899167200577842,0.2907711465498783,0.27053607
130181,1.0,10.537905,-0.055994563746072146,-0.2378678866868374,0.12587875919469307,0.46236071
130183,1.0,10.178906,0.061754439471620515,-0.0010819718286092517,0.12459085077185027,0.40025294
130184,1.0,10.120008,0.05728100239410949,-0.03448948944782425,0.1490514942360432,0.39757496
130224,1.0,10.631609,0.052430290490004694,-0.0728554807607249,0.17771606174073426,0.38311559
130225,0.0,10.629612,-0.7114311467115471,-0.9831486101766453,-0.43971368324644877,0.51466757
130227,0.0,11.185526,0.14432410664490725,-0.042208385767335155,0.3308565990571496,0.55197376
130229,1.0,10.442598,0.15937672152596605,0.04725647404432699,0.27149696900760506,0.3285087
130281,1.0,11.198395,0.09386204528555275,-0.18649318993663783,0.3742172805077432,0.55974758
130283,1.0,11.14172,0.34045978587548653,0.22470054366070039,0.45621902809027265,0.69168139
130284,0.0,10.508984,-0.09105826093345826,-0.24191086826044236,0.05979434639352582,0.47048566
130321,0.0,9.3213558,0.04451327747010225,-0.08819736374494366,0.17722391868514814,0.35297957
130322,1.0,9.9587669,-0.0373329804558864,-0.20082183511300128,0.12615587420122842,0.32941529
130324,1.0,9.6714649,0.2038879188365179,0.07182187200235293,0.33595396567068286,0.16603723
130421,0.0,10.541029,0.10694441424335643,-0.024940780152373776,0.2388296086390866,0.56562716
130423,1.0,9.2969017,0.15453330788134068,0.04464033529708053,0.2644262804656008,0.12159485
130424,0.0,9.6826897,0.10538415970408721,-0.046497414670444215,0.25726573407861864,0.18320724
130425,1.0,9.1558151,0.19699775081219428,0.06393799333714106,0.33005750828724745,0.082131669
130426,0.0,10.719595,0.15084656438209088,-0.08365156770039664,0.38534469646457836,0.46344826
130427,0.0,10.048738,0.022371822482927683,-0.20263246885505182,0.24737611382090716,0.43813756
130430,1.0,9.9065313,0.13312053959034031,0.03562660538639145,0.23061447379428915,0.12352144
130431,1.0,9.8321524,0.031032686164671475,-0.07489647900410197,0.1369618513334449,0.086998791
130432,1.0,9.7047796,0.04335615628571787,-0.08903751815008842,0.17574983072152414,0.16369089
130433,1.0,9.6896782,0.16808287435384273,0.02791074142633515,0.30825500728135025,0.12711386
130434,1.0,9.3372097,0.17075652277786801,0.052926568306744276,0.2885864772489917,0.10446373
130435,1.0,9.6165447,0.147691441414306,0.05574828261765556,0.23963460021095645,0.10733564
130481,1.0,10.929777,0.32729811104405293,0.10056173615007069,0.5540344859380351,0.70189929
130521,0.0,10.149401,0.015166486377953703,-0.16326534626311062,0.193598319019018,0.37687486
130522,1.0,9.7603102,-0.012872828955732274,-0.14139981228851028,0.11565415437704571,0.17361858
130523,0.0,10.004238,-0.06568905831667138,-0.2655086325436909,0.13413051591034808,0.35669398
130524,1.0,9.2068596,-0.059915228212691574,-0.1899277028038835,0.07009724637850032,0.12383255
130525,1.0,9.6442661,0.14253559751035993,0.027057020294300516,0.2580141747264193,0.28213707
130526,0.0,8.7631149,0.19747833522663427,0.09322072927323757,0.30173594118003094,0.13768592
130527,0.0,8.8517351,0.1402733500939206,-0.0046556950168192,0.2852023952046604,0.13257055
130528,1.0,9.8251705,0.06438481410463837,-0.02546903723648379,0.1542386654457605,0.37034819
130529,1.0,9.1953287,0.04658012460120986,-0.07684273714958875,0.17000298635200844,0.1054919
130530,1.0,9.2239475,-0.02445881205182232,-0.18736567190175352,0.13844804779810885,0.063559361
130531,1.0,9.1792622,0.14606376416358557,0.06465306400194218,0.22747446432522894,0.05953867
130532,1.0,9.088625,0.05396784214377348,-0.08145861365699114,0.18939429794453808,0.13620961
130533,1.0,8.6717319,0.08504628317070839,-0.03209887141267406,0.20219143775409082,0.077338018
130534,1.0,10.148483,-0.041307173751302884,-0.2410981252434742,0.1584837777408684,0.28653181
130535,1.0,9.2797699,0.15893051154954563,0.06652486138672564,0.2513361617123656,0.15148774
130581,1.0,9.4818535,0.07272012572127906,-0.010895274155136747,0.15633552559769484,0.12512651
130582,0.0,10.166064,0.031439383107830565,-0.16773891192162332,0.2306176781372844,0.38947409
130623,1.0,9.1836882,0.25998806152741594,0.18472312948738578,0.3352529935674461,0.18457377
130624,1.0,9.3230438,0.20295922520050524,0.08223787383984603,0.32368057656116445,0.19629386
130626,1.0,9.319521,0.15745572820259213,0.03289561991118811,0.2820158364939961,0.20741688
130627,1.0,9.0662394,0.14105627601059822,0.0020528435235783737,0.2800597084976181,0.10623185
130628,1.0,9.970726,-0.05975039726229525,-0.24000204723305804,0.12050125270846751,0.31061965
130629,1.0,9.7325134,0.051922650726652364,-0.06346447883946701,0.16730978029277171,0.28632939
130631,1.0,9.4142094,0.06526185583815192,-0.016290466146741442,0.14681417782304526,0.20014112
130632,0.0,9.2391386,0.096856019437638,0.002880003797677888,0.19083203507759808,0.32792524
130633,1.0,9.3919954,0.1674905365908046,0.057458195588165784,0.2775228775934434,0.15952711
130634,1.0,9.0428677,0.10058902880102494,-0.010273348996931081,0.21145140659898093,0.16104306
130635,1.0,9.3101902,0.11995395794539832,0.01117733837429287,0.22873057751650372,0.21803848
130636,1.0,9.3276787,0.07109455345742433,-0.05446562191502319,0.1966547288298718,0.15218122
130637,1.0,9.4076328,0.13318029103120566,0.056203743616844895,0.2101568384455664,0.15889333
130638,1.0,9.5972157,0.05685096054281402,-0.03933420301361383,0.15303612409924183,0.29996726
130681,1.0,10.134245,-0.47195983176791145,-0.668967918611879,-0.27495174492394403,0.58805758
130682,1.0,9.5386515,0.13518048098552526,0.01420199834955127,0.25615896362149926,0.31922224
130683,1.0,9.7059402,0.09082839135594867,-0.07148668046538145,0.25314346317727876,0.31124079
130684,1.0,9.6356134,-0.005940687584509163,-0.1502362802571666,0.13835490508814824,0.36244661
130722,1.0,9.6694365,0.19804533610830788,0.08340299134403954,0.3126876808725762,0.19524302
130723,1.0,9.4429588,0.2020097475571241,0.05456838818966317,0.349451106924585,0.079182968
130724,1.0,9.4796038,0.19968108936229712,0.07243188319535199,0.32693029552924224,0.091223873
130725,1.0,9.5629673,0.1785655769635177,0.008847675628594343,0.34828347829844103,0.099964879
130726,1.0,9.5492382,0.22559560498914166,0.10282998037888727,0.348361229599396,0.24083479
130727,1.0,9.737669,0.22071200991886641,0.08701224888691006,0.35441177095082277,0.21257342
130728,0.0,9.4775772,0.2173640150788323,0.16671368184117272,0.26801434831649185,0.16446701
130730,1.0,10.020523,-0.12354738710119051,-0.3307591961892604,0.08366442198687932,0.4061538
130731,1.0,9.7319279,0.1916384302780365,0.09006762735105764,0.29320923320501535,0.16426431
130732,0.0,9.4608908,0.12257252555632192,0.0237250342211187,0.22142001689152513,0.28865415
130821,1.0,9.7866058,0.0980751055335638,-0.009195565908643219,0.20534577697577078,0.33774722
130822,1.0,9.8547697,0.09836797482107329,0.013884596107122976,0.18285135353502358,0.25171688
130824,0.0,10.112737,0.09267901061606665,-0.01761571669134221,0.20297373792347548,0.26657343
130825,0.0,9.4793987,0.20958937858002713,0.09798916834739724,0.321189588812657,0.1456413
130826,0.0,9.4876995,0.17242503515735663,0.028699681342972683,0.3161503889717405,0.19014269
130827,0.0,10.818708,-0.03611709601729274,-0.23856466885197095,0.16633047681738541,0.37642789
130828,0.0,9.0005083,0.148796126706916,0.07895860657872986,0.2186336468351021,0.091012031
130881,0.0,9.578701,0.1617247652299305,0.07738323528378652,0.24606629517607448,0.19050553
130921,0.0,9.9692545,-0.0028117443534263487,-0.14969841622804878,0.14407492752119605,0.45399791
130922,0.0,10.095255,0.050697643744566534,-0.07147840430027302,0.17287369178940606,0.29502249
130923,1.0,9.9777336,0.1261797147371979,0.06469446414298448,0.18766496533141133,0.18192735
130924,0.0,9.0226736,0.11550570370028623,0.009373406720695046,0.22163800067987738,0.15241705
130925,1.0,9.736969,0.06376723936310924,-0.04307663337373967,0.17061111209995813,0.16168286
130926,1.0,10.128279,0.10966586696075353,0.03216316201664424,0.1871685719048628,0.34638315
130927,1.0,9.5725288,0.1769508314743966,0.08135342205734898,0.2725482408914442,0.14833428
130928,1.0,9.6611881,0.17777949173574115,0.05162579011397811,0.30393319335750413,0.1405368
130929,1.0,9.8225327,0.10233954527398126,-0.015771784682806905,0.2204508752307694,0.15095647
130930,0.0,9.865036,-0.04955668133304414,-0.18006111237001626,0.08094774970392796,0.15229568
130981,1.0,9.8305416,0.022647515461397205,-0.15840153148419384,0.2036965624069882,0.22489251
130982,1.0,10.725941,0.2217797181034804,-0.11578867513430258,0.5593481113412633,0.95271534
130983,0.0,10.321226,-0.04362187253492067,-0.30940598750465403,0.22216224243481264,0.5123319
130984,1.0,9.8919582,-0.004130536577804378,-0.17554105264995537,0.16727997949434656,0.24920064
131022,0.0,9.3488235,-0.3993275349035095,-0.7000727068584048,-0.09858236294861417,0.32579365
131023,0.0,9.4882088,0.11041981589690586,-0.011419323695575898,0.23225895548938758,0.19450541
131024,1.0,10.371114,0.0408628128093973,-0.0443083203957815,0.12603394601457607,0.44723225
131025,1.0,9.6726894,0.09547729299675822,0.01691948562694187,0.17403510036657455,0.2387075
131026,1.0,10.027959,-0.05918567627887228,-0.19898133789296224,0.08060998533521763,0.30924803
131028,0.0,10.414671,-0.06566642543175405,-0.25562643913039684,0.12429358826688872,0.32747027
131081,1.0,10.541862,0.18998449039662546,-0.054681983574537935,0.43465096436778883,0.52882951
131082,1.0,10.910379,0.13841730564928234,-0.17730019691053056,0.45413480820909513,0.70377809
131121,0.0,9.3674278,0.13342583350198822,0.009613125350374466,0.25723854165360194,0.20023687
131122,0.0,9.3304482,0.11588526012142708,-0.028487494389489665,0.26025801463234377,0.18573321
131123,1.0,9.5715828,-0.011807289071356308,-0.13704088819423751,0.11342631005152487,0.1176926
131124,1.0,9.3140707,0.09990267571604505,-0.01508617992204335,0.21489153135413344,0.11408743
131125,1.0,9.8930111,-0.009351818852817217,-0.1499508662612251,0.13124722855559065,0.24639219
131126,1.0,9.3833761,0.1781452345136607,0.10673933933985026,0.24955112968747115,0.12104683
131127,0.0,9.5809956,0.15715437916879793,0.01850368029660146,0.2958050780409944,0.25312924
131128,1.0,9.3129435,0.03980064947897688,-0.046920680091053754,0.12652197904900747,0.11273584
131182,0.0,9.4723473,0.17418017122602336,0.05228324606627359,0.2960770963857731,0.25103533
140121,0.0,10.204061,-0.4180422831934578,-0.7786684243056777,-0.057416142081237964,0.66156733
140122,0.0,9.5503025,-0.06963998169359087,-0.21504064864876382,0.07576068526158206,0.39090371
140123,1.0,9.1418619,-0.2586738699316271,-0.5329267995126576,0.015579059649403315,0.31241941
140181,0.0,9.6799202,0.2902785466769071,0.026945685634849947,0.5536114077189642,0.73885143
140221,1.0,8.4700947,0.3049615395265661,0.14054785813707305,0.4693752209160592,0.082574852
140222,1.0,8.5807476,0.1876447024170922,0.002559718066383637,0.3727296867678007,0.05401928
140223,1.0,8.7165623,0.03390933914671379,-0.1697029142907058,0.23752159258413333,0.069793485
140224,1.0,9.2124949,-0.12260232686713479,-0.3208356467886876,0.07563099305441798,0.1855226
140225,1.0,8.7889385,0.2225135549078594,0.14682266432087132,0.2982044454948475,0.090546429
140226,0.0,9.6856976,-0.1760030063102711,-0.4305602445705393,0.07855423194999706,0.37014925
140321,0.0,9.5523996,0.01036585765801945,-0.1862714049681656,0.20700312028420445,0.37629798
140322,0.0,10.079985,0.19842764336675955,-0.05190637356525951,0.44876166029877856,0.56977552
140423,1.0,11.349647,0.25370396655844374,-0.1373863494774188,0.6447942825943062,0.6347177
140425,1.0,8.9622746,-0.04891852437354416,-0.23066042380033314,0.13282337505324476,0.16728388
140426,0.0,9.477231,-0.018523406144005605,-0.13325146043257488,0.09620464814456364,0.37188098
140427,1.0,9.1199827,-0.14995534238396147,-0.45552596908830356,0.15561528432038058,0.27916753
140428,0.0,9.3954592,-0.01261773481878592,-0.14382786707513695,0.11859239743756508,0.30550045
140429,1.0,9.7718124,-0.020097659041557137,-0.16968210540221995,0.12948678731910565,0.34184602
140430,0.0,8.6213036,0.22021919186273742,0.08158537798041182,0.35885300574506296,0.17002948
140431,0.0,10.464684,0.0666824957743426,-0.29573238047627914,0.4290973720249643,0.53856444
140521,0.0,10.593845,0.06221990865328486,-0.2310302756932055,0.35547009299977517,0.55903792
140522,0.0,10.240683,0.3254092039333525,0.06230054981354066,0.5885178580531643,0.64929563
140524,0.0,9.0522623,0.04433107066788011,-0.17589609089481195,0.2645582322305721,0.32822382
140525,0.0,10.161115,0.116156046348598,-0.07404595475413081,0.3063580474513268,0.44680092
140581,0.0,10.258938,0.1711371794296408,0.020140209705771295,0.32213414915351024,0.66420567
140621,0.0,10.602657,-0.42403477999177497,-0.7198432133057543,-0.12822634667779576,0.52016366
140622,0.0,9.0628519,0.23153438302093576,0.13912126550563345,0.32394750053623805,0.15747628
140623,1.0,9.8941183,0.12578250797266932,0.016134165219600274,0.23543085072573833,0.18932961
140681,0.0,10.369442,-0.27082735536476754,-0.6464794836681143,0.10482477293857911,0.6302948
140721,0.0,9.4895039,-0.08539112078235078,-0.35783855655740693,0.1870563149927053,0.40253457
140722,1.0,9.5381842,-0.13236775206806684,-0.3111320388007571,0.04639653466462343,0.33097327
140723,1.0,9.6147499,-0.0731670608273518,-0.23745698173686386,0.09112286008216022,0.39773601
140724,0.0,9.3724823,0.10626046289136326,-0.05656296485192458,0.2690838906346511,0.30413553
140725,0.0,10.155909,-0.17292485584118822,-0.37381619423270435,0.027966482550327854,0.43449685
140727,0.0,9.5894985,0.012583541393961895,-0.13140786178051045,0.1565749445684342,0.35447419
140728,0.0,9.4270296,0.15901862538731848,0.03445783102012022,0.2835794197545167,0.32893601
140729,0.0,10.634968,0.34453846719210013,0.10437870210591266,0.5846982322782875,0.64458865
140781,1.0,10.938807,0.06999156917187221,-0.21157045599843632,0.3515535943421807,0.53188491
140821,0.0,9.379117,0.0921310830083808,-0.07782278210832708,0.26208494812508865,0.19925383
140822,0.0,8.8487463,0.20122685514929728,0.1090517406417109,0.29340196965688364,0.11424876
140823,0.0,9.8827219,0.02371683518975587,-0.1898811008776338,0.2373147712571455,0.35475793
140824,0.0,9.3693943,0.030435317642403703,-0.12436414588989705,0.18523478117470443,0.18425597
140825,0.0,9.3843021,0.13379737042361484,0.01347498149578609,0.25411975935144354,0.19374287
140827,0.0,9.1265917,-0.19482428442681154,-0.4793747770245199,0.08972620817089677,0.12787445
140828,0.0,8.6175995,0.2585901575502021,0.14408803297504247,0.37309228212536166,0.099095501
140829,1.0,8.844965,0.010265469876383548,-0.1658086310473596,0.18633957080012664,0.090795808
140830,0.0,9.307991,0.1840569945352435,0.06705090426813635,0.3010630848023506,0.14329746
140881,1.0,10.360128,0.1257601149875569,-0.020789699719417215,0.272309929694531,0.19806591
140882,0.0,10.794669,0.21656788556350648,-0.08291966980273968,0.5160554409297525,0.8441599
140921,0.0,9.4489479,0.013547286794754143,-0.14235060231421254,0.16944517590372077,0.23651375
140922,1.0,8.8118439,0.21827485915033762,0.03376244771630299,0.4027872705843722,0.16012685
140923,1.0,9.5234766,-0.06644502675747432,-0.24655862049177607,0.11366856697682737,0.31445876
140924,1.0,9.2302246,0.010440761786146169,-0.18333851378459118,0.20422003735688346,0.22543991
140925,1.0,9.4444885,-0.13225307803247333,-0.2541223165695704,-0.010383839495376301,0.41419664
140926,1.0,8.9056873,0.07599370441763043,-0.10628377857601964,0.2582711874112804,0.1672962
140927,1.0,8.8899612,0.1420598919993914,-0.016390431225415614,0.3005102152241984,0.12681726
140928,1.0,9.0461025,0.196232286015519,0.03648336667847055,0.35598120535256744,0.11818932
140929,1.0,9.1637526,0.14878698122102918,0.003951669107196687,0.2936222933348617,0.08318384
140930,1.0,10.182791,-0.09289100804011596,-0.33078948424253984,0.14500746816230786,0.37917623
140931,1.0,10.095861,-0.1648168751301391,-0.5065978957642676,0.17696414550398942,0.62886316
140932,1.0,9.4641628,-0.19738367121669143,-0.37186047059683436,-0.02290687183654852,0.16405219
140981,1.0,10.412204,0.027262435655586614,-0.1696405588238238,0.22416543013499698,0.37078673
141021,0.0,10.106016,-0.053691891969034344,-0.26773946609338145,0.1603556821553127,0.26878545
141022,0.0,9.7945175,0.10335267373007717,-0.15655236812745166,0.36325771558760594,0.48540962
141023,0.0,9.8890867,0.09434169677349225,-0.0805016536490697,0.26918504719605413,0.44369519
141024,0.0,9.652401,0.11010204401838841,-0.11889299428641745,0.33909708232319424,0.42299211
141025,0.0,10.869157,0.04580298658250115,-0.1600178446949824,0.25162381785998467,0.42175621
141026,0.0,10.499377,-0.09324296382296637,-0.32274432370498285,0.13625839605905002,0.24666534
141027,0.0,9.7590837,-0.06985231700104677,-0.28725482444549977,0.14755019044340614,0.38256282
141028,1.0,9.1514635,-0.2398471888778495,-0.5213338909819367,0.0416395132262376,0.082718119
141029,0.0,9.926136,0.17379155814599656,-0.09589049331257676,0.44347360960456983,0.54842019
141030,1.0,8.6116724,0.045155530047221504,-0.14703573783238794,0.23734679792683092,0.035653412
141031,1.0,8.8234921,0.07605182444990888,-0.03566086107278715,0.18776450997260488,0.074173771
141032,1.0,8.602046,0.12073563271649412,-0.06369692857376127,0.3051681940067495,0.035897695
141033,0.0,9.9868259,0.009306196102061293,-0.23232333661759247,0.250935728821715,0.395403
141034,1.0,9.1586628,-0.20891487270673892,-0.5203508139269926,0.10252106851351456,0.19541474
141081,1.0,10.771336,-0.05122713481717511,-0.3217855537918663,0.21933128415751602,0.36427006
141082,0.0,9.8801804,0.2650740816119388,7.47163198329126e-05,0.5300734469040447,0.56938511
141121,0.0,9.0928526,0.13626957312877153,-0.06441228010578509,0.3369514263633281,0.2499534
141122,0.0,9.9997511,0.26649181272598454,-0.01027253307667858,0.5432561585286476,0.64919639
141123,1.0,8.9396276,0.08560002625549146,-0.1514516539073238,0.32265170641830665,0.10467695
141124,1.0,8.2724295,0.1914604723605393,-0.00998002376382276,0.3929009684849013,0.075104848
141125,0.0,10.680925,0.24744792120797854,0.08889595429352024,0.4059998881224368,0.53259033
141126,1.0,8.2265339,0.1516274325558129,-0.04617834791024625,0.349433213021872,0.04990517
141127,1.0,8.7381601,-0.13312566962754957,-0.32853559176296854,0.0622842525078694,0.117052
141128,1.0,9.2812567,-0.14693032033906306,-0.36130069473452087,0.0674400540563947,0.11963453
141129,1.0,10.325291,-0.015739069456095933,-0.2667143812177742,0.23523624230558227,0.39089856
141130,0.0,9.9197655,0.08628079907646935,-0.0906034214630132,0.26316501961595185,0.45127952
141181,1.0,11.20774,0.36298743143325574,0.18450489247920318,0.5414699703873083,0.62370533
141182,0.0,9.8646469,0.0417364425904978,-0.1337861031965461,0.21725898837754168,0.4269526
210123,0.0,9.6928282,-0.11461225840582046,-0.2323256479377693,0.0031011311261283786,0.27848062
210124,0.0,9.7011881,-0.05991227244394892,-0.22371371043163368,0.10388916554373581,0.30389151
210181,0.0,9.5033827,-0.2671148392647673,-0.4345544905498129,-0.09967518797972175,0.42331374
210224,0.0,10.605148,-0.5355628070385272,-0.9430278398530936,-0.12809777422396101,0.34869063
210281,0.0,10.416282,-0.509483132516813,-0.7416518113958219,-0.27731445363780416,0.67849636
210283,0.0,10.184749,-0.5043762261790903,-0.7443590814502102,-0.2643933709079704,0.60791463
210321,0.0,9.9087734,0.015271308255659477,-0.07926451042295181,0.10980712693427075,0.38350859
210323,0.0,9.5701799,0.1277267254668928,0.06382595047028115,0.1916275004635044,0.34693938
210381,0.0,10.291705,-0.3612911008511226,-0.7007895068248899,-0.0217926948773553,0.84324443
210421,0.0,10.045551,-0.09333572138576329,-0.2239290508642716,0.037257608092744976,0.41731045
210422,0.0,9.3503628,0.044249249958888015,-0.03535343568591638,0.1238519356036924,0.31743583
210423,0.0,9.3379421,0.07800637347774142,0.014709452677072299,0.14130329427841054,0.31026572
210521,0.0,9.9199514,0.04931676306314614,-0.10699380640512399,0.2056273325314162,0.36189434
210522,0.0,9.8382559,0.06544961609440847,-0.05947628029474461,0.19037551248356152,0.32554942
210624,0.0,9.9142294,0.11685457603829263,0.019712301061957177,0.21399685101462806,0.34589839
210681,0.0,10.375926,-0.3998088351468816,-0.6700439368158924,-0.12957373347787093,0.5184558
210682,0.0,9.9610491,-0.04762312993998563,-0.21809655823752516,0.12285029835755387,0.53483123
210726,0.0,9.3002729,0.10534960837241059,-0.06845819717851928,0.27915741392334037,0.20652154
210727,0.0,8.9019108,0.19772003046032438,0.10786899856823626,0.2875710623524125,0.20539328
210781,0.0,9.7885256,-0.5226918682979473,-0.735874460982294,-0.30950927561360064,0.48578721
210782,0.0,9.238636,-0.15866047397945948,-0.37033697672144994,0.05301602876253092,0.28127548
210881,0.0,9.3027372,0.22046216996822565,0.06013457747064757,0.3807897624658037,0.22379357
210882,0.0,10.450076,0.04731437966358776,-0.1967888394368001,0.29141759876397555,0.5127781
210921,0.0,8.6882849,0.10867734226145132,-0.07383689726214776,0.29119158178505034,0.22913258
210922,0.0,8.6515493,0.13403280198254208,-0.023119727894720055,0.2911853318598042,0.18913434
211021,0.0,9.7134161,0.0536011558321583,-0.0738241213579631,0.18102643302227966,0.43504202
211081,0.0,9.6952324,-0.22664324227334376,-0.45015789298317477,-0.003128591563512778,0.55762148
211122,0.0,9.912447,-0.4402926934098623,-0.6334605016711254,-0.24712488514859918,0.38093409
211221,0.0,9.8821621,-0.5038988148728301,-0.6755828681518626,-0.33221476159379754,0.45321646
211223,0.0,9.1694145,0.1242809733538941,0.0031291681872169658,0.24543277852057122,0.19507356
211281,0.0,9.3557386,-0.022646231991576116,-0.19472397541511238,0.14943151143196012,0.53356332
211282,0.0,9.8327427,-0.28593768452574864,-0.45143610809080004,-0.12043926096069724,0.43133596
211321,0.0,8.8681316,0.04776992408385894,-0.11912531961892495,0.21466516778664277,0.26522177
211322,0.0,9.237566,0.011397967682118093,-0.13027006421654905,0.1530659995807852,0.3671324
211324,0.0,9.2034168,0.15048542145382626,0.03696391208208999,0.2640069308255625,0.21580413
211381,0.0,9.304286,-0.017912940083533613,-0.1738045704454933,0.13797869027842605,0.34817994
211382,0.0,9.419385,0.1329412049383265,-0.030607897353556984,0.29649030723020997,0.34229133
211422,0.0,8.6869364,0.2829982203854833,0.14227754994029237,0.42371889083067416,0.23445143
211481,0.0,8.7056627,-0.08909178082973312,-0.3804909929366361,0.20230743127716977,0.39719442
220122,1.0,9.4749203,-0.4138941590863858,-0.7211181306521948,-0.10667018752057694,0.35085109
220182,1.0,9.4068108,-0.01067166804268993,-0.23593651204032823,0.2145931759549483,0.26190314
220183,1.0,9.7029905,-0.4587001767726413,-0.7282922040016542,-0.18910814954362848,0.36140904
220221,1.0,9.3286514,0.191272667549093,0.05187339134370533,0.3306719437544806,0.22501637
220281,1.0,9.5464001,0.07888989603734586,-0.06818964992498713,0.22596944199967883,0.29546356
220282,1.0,9.84974,0.16534641095001845,0.017496064806252765,0.31319675709378414,0.28094512
220283,1.0,9.2037678,0.17381618448727565,0.0055475578943985915,0.34208481108015265,0.18706003
220284,1.0,10.45165,0.062314581555114046,-0.1343049959459612,0.2589341590561893,0.33111611
220322,1.0,9.5790777,-0.18372908842903968,-0.5214486498051496,0.15399047294707024,0.2871449
220323,0.0,9.8244114,0.022095799498167423,-0.10406526058326349,0.1482568595795983,0.1915962
220381,1.0,9.5392771,-0.7298853166278931,-1.054937992789534,-0.4048326404662524,0.40270811
220382,1.0,9.7091579,-0.32977308170940844,-0.6045537805474721,-0.05499238287134489,0.40312472
220421,1.0,9.3689928,0.09071190603895829,-0.06983442651949609,0.25125823859741264,0.23166275
220422,1.0,9.3014803,0.043803383337834845,-0.06247445882500999,0.15008122550067965,0.20029983
220521,1.0,9.6506205,0.059752779618207796,-0.06308281546804918,0.18258837470446476,0.33360946
220523,1.0,9.2891235,0.05407073491458547,-0.020424870577833668,0.1285663404070046,0.29123136
220524,1.0,9.1138773,-0.6141579840301574,-0.8164631246060343,-0.4118528434542805,0.39749715
220581,1.0,9.7088556,-0.15473904443134856,-0.38492640594838556,0.07544831708568839,0.34913579
220582,1.0,9.6732321,0.16274528076755246,0.02262360431381691,0.302866957221288,0.242993
220621,1.0,9.7072325,0.18087979023485445,0.08174526186949597,0.2800143186002129,0.2728858
220622,1.0,9.4651003,0.07486641742582378,-0.10606995426581184,0.25580278911745935,0.18924677
220623,0.0,10.011675,0.1210977825501125,-0.0184891743174386,0.26068473941766357,0.15790591
220681,1.0,9.7839594,0.0502603685348717,-0.0868784182698526,0.18739915533959597,0.21774825
220721,0.0,10.759859,-0.042889650141496816,-0.31374880670303,0.22796950642003633,0.34191182
220722,1.0,9.2887535,0.040442396028783634,-0.08631672643937827,0.1672015184969455,0.18503386
220723,1.0,9.8382292,-0.016492205826985185,-0.12976114899826566,0.09677673734429526,0.33686021
220781,1.0,9.3551092,-0.4694076564741607,-0.854179456131662,-0.08463585681665958,0.3274928
220821,1.0,9.4902754,-0.017689825189982855,-0.22975638023698214,0.19437672985701637,0.28664392
220822,1.0,9.0062695,0.09045261607895583,-0.07672421657429179,0.2576294487322034,0.2203688
220881,1.0,9.1719236,0.025295100912980928,-0.15487620016642253,0.20546640199238433,0.19128805
220882,1.0,9.258296,0.20838607895560202,0.12329338682182392,0.2934787710893801,0.26745769
222401,1.0,10.158316,-0.008763434533442194,-0.17291735520789664,0.15539048614101222,0.46453431
222402,1.0,9.4066553,-0.13521025252284602,-0.3911208512125496,0.12070034616685749,0.33202162
222403,1.0,9.4893589,0.06768861715068653,-0.059646228747769064,0.1950234630491421,0.35519001
222404,1.0,9.7638311,-0.0010127454008816983,-0.15019345800259365,0.14816796720083023,0.23864806
222405,1.0,8.9421387,0.16672092322914267,0.04894306605385526,0.28449878040443005,0.17554821
222406,1.0,9.1528683,0.14610298545227707,-0.015004865546643736,0.30721083645119784,0.1819952
222424,1.0,9.0442467,0.19849086047454279,0.08784890341644062,0.30913281753264493,0.19718711
222426,1.0,9.3220291,0.1690025900595984,0.0936960533283995,0.24430912679079725,0.20076594
230123,1.0,9.7103558,0.06099143110187555,-0.058837413151389004,0.18082027535514006,0.30295491
230124,1.0,9.4504232,0.14446019434490864,0.033188435975968086,0.2557319527138492,0.24226809
230125,1.0,9.9332161,0.12725019113568337,0.027425508392308923,0.22707487387905778,0.28125933
230126,1.0,9.2859507,0.03838591173754935,-0.10785493312284503,0.1846267565979437,0.12933508
230127,1.0,9.4876804,0.20639283304007705,0.07082005606358527,0.3419656100165688,0.14941774
230128,1.0,9.5022907,0.18361262705323256,0.05649838959346962,0.31072686451299547,0.15104598
230129,1.0,9.2690411,0.20037773036799678,0.08759842874708255,0.313157031988911,0.14265873
230183,0.0,10.030882,0.0024749518638031986,-0.22084704179143244,0.22579694551903878,0.36237639
230184,0.0,9.7187281,-0.152962849804684,-0.4730322120965806,0.16710651248721253,0.28836614
230221,1.0,8.9423113,0.14070349297303864,0.003760710349109214,0.27764627559696803,0.12431572
230223,1.0,8.979682,0.03316349723947809,-0.11577131746659797,0.18209831194555412,0.12732381
230224,1.0,8.8675632,0.25120077842866095,0.17156739530113993,0.33083416155618195,0.10009497
230225,1.0,9.1470461,0.15060880441832225,0.03249990001595615,0.26871770882068835,0.11309053
230227,1.0,9.2522221,0.14927772257563632,0.06438189307768102,0.23417355207359158,0.16709577
230229,1.0,8.8942661,0.07967188245262946,-0.052443530053217946,0.21178729495847684,0.11885597
230230,1.0,8.8980465,0.19168703539844145,0.0660720893355812,0.3173019814613017,0.083907463
230231,1.0,8.864768,0.06863211635072375,-0.024256863999066708,0.16152109670051418,0.10943323
230281,0.0,9.1616306,0.11771019162634566,-0.07989897093546514,0.3153193541881564,0.18926352
230321,1.0,10.000588,0.14449942774946578,0.04396784871268462,0.24503100678624692,0.26470217
230381,0.0,10.20049,-0.3959222064236734,-0.832933661335477,0.041089248488130115,0.2956574
230382,1.0,9.8021173,0.11588327371395479,-0.015093553948662353,0.2468601013765719,0.20137523
230421,1.0,9.8909035,-0.03957039537118945,-0.2089012350286778,0.12976044428629885,0.24978442
230422,1.0,9.6380253,0.039124024173354144,-0.14271431114225394,0.2209623594889622,0.12056046
230521,1.0,9.7825565,0.1173306326077217,-0.018075089735396954,0.25273635495084035,0.20098467
230522,1.0,9.8813343,0.14140369251930807,0.011981125810164417,0.2708262592284517,0.13786782
230523,1.0,9.9172974,0.05686252825537963,-0.10964733004900612,0.22337238655976535,0.17044817
230524,1.0,9.790288,0.16999939608074222,-0.004331799215974069,0.3443305913774585,0.094988115
230621,1.0,9.3850145,-0.30726417866393874,-0.4935582985448768,-0.12097005878300068,0.37982872
230622,1.0,9.5083418,-0.41717063323230974,-0.718950648443917,-0.1153906180207026,0.51777095
230623,1.0,9.3200111,-0.18597488644471838,-0.4199944812188873,0.048044708329450486,0.34572014
230624,0.0,9.6689653,-0.33819749390623954,-0.6552690440650566,-0.021125943747422604,0.46445695
230722,1.0,10.011331,0.16074961235320906,0.02822110080726331,0.29327812389915475,0.16097386
230781,1.0,9.3292637,0.1908745022408489,0.10299103247780736,0.2787579720038904,0.15217832
230822,1.0,9.2491417,0.09100607685182993,-0.0490144063469502,0.23102656005061004,0.11407565
230826,1.0,8.9466524,0.1758008998250027,0.0685245822039138,0.28307721744609154,0.083321273
230828,1.0,9.491785,0.16301248564010606,0.010673515614765705,0.3153514556654464,0.10006499
230881,1.0,10.019809,0.14618956089326218,0.02278357806795607,0.26959554371856825,0.089815021
230882,1.0,9.834115,0.0542210159739156,-0.15441424826933847,0.26285628021716967,0.14033273
230883,0.0,10.093765,0.1341055461298346,-0.039233300797273746,0.30744439305694293,0.088001348
230921,1.0,9.5458813,0.1484382597343945,0.04052082423297969,0.2563556952358093,0.21163465
231025,1.0,9.4255276,0.16819455161484953,0.06162566023257572,0.2747634429971233,0.17244151
231081,0.0,11.027047,-0.42015615339449397,-0.7361888791821491,-0.1041234276068389,0.49621567
231083,1.0,9.9403343,0.1625619255004942,0.035703347637627364,0.289420503363361,0.28330773
231084,0.0,9.8407688,0.23448172354613916,0.09623737261818327,0.372726074474095,0.19358882
231085,1.0,10.160732,0.14713500179089678,0.05084535490930357,0.24342464867248997,0.21161501
231086,0.0,10.415455,-0.2250462863400351,-0.4977891947191522,0.047696622039081926,0.34871525
231123,1.0,9.413106,0.13484566572835632,-0.04561080648068558,0.31530213793739814,0.063062131
231124,1.0,8.7154779,0.16276962381460613,0.05446455732876973,0.2710746903004425,0.067922637
231181,1.0,9.2465639,0.17510513188504717,0.06810217671420375,0.2821080870558906,0.1729257
231182,1.0,9.3608599,0.14907338331914133,0.06083642485812096,0.23731034178016167,0.078814834
231183,0.0,9.781559,-0.013813857756080239,-0.18825390748384205,0.16062619197168151,0.23228946
231221,1.0,8.778327,0.1199316891372284,0.020756933271821085,0.2191064450026357,0.080465294
231222,1.0,8.3897104,0.22609850440227675,0.10079348276085612,0.35140352604369735,0.091792561
231223,1.0,8.4502831,0.1875145520616357,0.05496011111672283,0.32006899300654856,0.060206901
231224,1.0,8.9986067,0.05910020613953293,-0.09733472701711274,0.21553513929617857,0.15842853
231225,1.0,8.5805426,0.25012957997907037,0.11414467016916538,0.38611448978897533,0.085068531
231226,1.0,8.9052296,0.1534693071819433,0.0452447397646826,0.26169387459920396,0.085552208
231281,0.0,10.302071,-0.6338804154120616,-0.9173647763691537,-0.35039605445496963,0.47497672
231282,0.0,10.223681,-0.2456496180988097,-0.4516631071248863,-0.03963612907273317,0.38027328
231283,1.0,8.7679882,0.05386719633616366,-0.07564441941858888,0.18337881209091617,0.10296009
232701,0.0,10.106607,-0.6181662390090104,-0.8933316496998397,-0.3430008283181811,0.37687066
232721,0.0,9.6885281,0.10205233668390257,-0.05563768132905664,0.25974235469686174,0.10638227
232722,0.0,9.5362558,-0.0538421459476659,-0.18033064411745178,0.07264635222211996,0.26909965
320281,1.0,11.651168,0.2868545341199642,-0.003033685866456637,0.576742754106385,1.0300542
320282,1.0,10.958557,0.16744045101144422,-0.09355347507284395,0.42843437709573234,0.99627197
320321,1.0,9.4035711,0.20281064135838633,0.11817402077475389,0.28744726194201875,0.28456342
320322,1.0,9.9999008,-0.3554884944604346,-0.5760228839194621,-0.1349541050014072,0.51935273
320324,1.0,9.464941,0.18287673545000516,0.06782866393496192,0.29792480696504836,0.28750479
320381,1.0,9.876627,-0.0317818197298223,-0.20490677682065647,0.1413431373610118,0.3683705
320382,1.0,9.8568249,-0.4802649942032744,-0.7702788760469378,-0.19025111235961106,0.50836563
320481,1.0,10.793337,-0.060295782700968914,-0.3564081832453959,0.23581661784345803,0.82674056
320581,1.0,11.429643,0.22238805209127932,-0.07663994633155796,0.5214160505141165,1.0112503
320582,1.0,11.716379,0.3057043409461997,0.003091275526630244,0.608317406365769,1.0175135
320583,1.0,11.866483,0.30211900731341146,0.0003751205819482739,0.6038628940448746,1.0954609
320585,1.0,11.484103,0.22267394475885993,-0.039245634155047227,0.48459352367276703,0.95710671
320623,1.0,10.309984,-0.2828066971380778,-0.47151004518742134,-0.09410334908873436,0.50379843
320681,1.0,10.542186,-0.587422913035617,-0.828754683982204,-0.34609114208903013,0.72620344
320682,1.0,10.193716,-0.161007615591501,-0.32758417889136326,0.005568947708361194,0.54022038
320684,1.0,10.746399,-0.15846429181488375,-0.4214382939668153,0.10450971033704776,0.81881171
320685,0.0,10.454994,-0.5462769184135112,-0.7712621002060901,-0.3212917366209324,0.65267229
320722,1.0,9.6857052,-0.16403042237630316,-0.3653620817336847,0.037301236981078345,0.39577302
320723,1.0,9.4670525,-0.12170628429452535,-0.29570811810583975,0.052295549516789,0.33347958
320724,1.0,9.704318,-0.052850913243645437,-0.2137158655715686,0.1080140390842777,0.37121513
320826,1.0,9.5943365,0.19828083832792487,0.051446067443229326,0.3451156092126204,0.27144992
320830,1.0,9.8814135,-0.09734317568801032,-0.28431167070109736,0.08962531932507667,0.40957963
320831,1.0,10.101464,-0.2573902282730032,-0.44640442556038124,-0.06837603098562517,0.43977347
320921,1.0,9.874671,-0.215911604598773,-0.38036170843736017,-0.05146150076018585,0.42572331
320922,1.0,9.688693,-0.01340013059660805,-0.20857796307167223,0.18177770187845607,0.36148033
320923,1.0,9.795557,-0.0266794312040588,-0.1563313426732759,0.10297248026515826,0.39976349
320924,1.0,10.007408,-0.47379130565442296,-0.7745231666628942,-0.1730594446459518,0.49288431
320925,1.0,10.18412,-0.4271229921643318,-0.6596447374458445,-0.1946012468828191,0.57061046
320981,1.0,10.291891,-0.6431078327812507,-0.823076147762767,-0.4631395177997344,0.63998473
321023,1.0,10.10996,-0.056622353700102934,-0.25737963664470936,0.14413492924450344,0.44107533
321081,1.0,10.625161,0.17995179711944864,-0.06043481923579913,0.42033841347469636,0.95710748
321084,1.0,10.241898,-0.4702287808390899,-0.6473154946985527,-0.2931420669796272,0.55895424
321181,1.0,10.92155,0.032597651433185604,-0.23938492926351562,0.3045802321298868,0.92927212
321182,1.0,11.09012,0.204736930414267,-0.05247935088859079,0.4619532117171247,0.84384865
321183,1.0,10.455438,-0.03477121672870531,-0.26319501195692757,0.1936525784995169,0.68281561
321281,1.0,10.074024,-0.3287616228095551,-0.5478556775048269,-0.10966756811428344,0.50080812
321282,1.0,10.882628,0.008574902991622224,-0.24137899225331585,0.2585287982365603,0.95062405
321283,1.0,10.323055,-0.4304418668013241,-0.7746824492652161,-0.08620128433743224,0.71805781
321322,1.0,9.6130857,-0.19751603525122263,-0.3702967234620294,-0.024735347040415884,0.41039497
321323,1.0,9.786027,0.1361301088468494,-0.019555101699725963,0.29181531939342475,0.30398372
321324,1.0,9.681138,0.13593494766348968,-0.006350053228106278,0.2782199485550856,0.29208469
330122,0.0,10.703568,0.07542766263290268,-0.23887821259285585,0.38973353785866116,0.73582166
330127,0.0,10.042667,-0.17906875154771384,-0.31923645750981927,-0.038901045585608446,0.42312491
330182,0.0,10.427502,-0.5606606557903859,-0.8192213387908802,-0.30209997278989165,0.77612126
330225,0.0,10.726922,-0.6781920867789921,-0.9370900049245571,-0.4192941686334272,0.67856723
330226,0.0,10.616924,-0.30380672160997335,-0.5513033121857439,-0.05631013103420282,0.64266628
330281,0.0,11.039906,0.10426758211221987,-0.0975705129347981,0.30610567715923775,0.81692785
330282,0.0,11.076844,0.24815114342003497,0.004992550721326067,0.49130973611874384,0.81419677
330324,0.0,9.9139118,0.36258047370093394,0.11449406614580124,0.6106668812560666,0.74740607
330326,0.0,9.9452896,0.02399237811274091,-0.29090425990342245,0.33888901612890415,0.60806018
330327,0.0,9.7865477,-0.13417388365137484,-0.3917857691805249,0.12343800187777515,0.5759905
330328,0.0,9.1622324,0.2210975586981654,0.05746438772785545,0.3847307296684753,0.26323617
330329,0.0,9.1941757,0.20689560985634614,0.08949375115864487,0.3242974685540474,0.24435437
330381,0.0,10.446681,0.0032913396926446126,-0.2171875580789201,0.22377023746420927,0.95791578
330382,0.0,10.506591,0.2593726828470899,0.008905812823961634,0.5098395528702182,0.88732731
330421,0.0,10.977958,-0.10352160993146953,-0.3583503967351946,0.15130717687225548,0.92710739
330424,0.0,10.961702,0.06491479537988987,-0.16815487037331667,0.29798446113309635,0.84392673
330481,0.0,10.982438,0.17335425771690893,-0.07398468004215542,0.4206931954759732,0.92912334
330482,0.0,10.981235,0.19225066108831257,-0.05135923300143916,0.4358605551780642,0.9219259
330483,0.0,10.849023,-0.016897536830899895,-0.2790902589789912,0.24529518531719136,0.94419152
330521,0.0,10.810282,0.055392050725378894,-0.1825639034841632,0.29334800493492097,0.9339782
330522,0.0,10.606697,-0.2822635423862465,-0.5849225699075697,0.020395485135076608,0.94924116
330523,0.0,10.48665,-0.3128563279313017,-0.5664901127447239,-0.059222543117879445,0.68006426
330624,0.0,10.699484,-0.015929700971097915,-0.2888961141669767,0.2570367122247808,0.75829005
330681,0.0,10.862334,0.07507437168957054,-0.18330426151193413,0.33345300489107516,0.97374237
330683,0.0,10.411937,-0.39276335988622435,-0.6927851708563035,-0.09274154891614517,0.8069495
330723,0.0,10.414701,-0.08548828738752867,-0.26696030112969726,0.09598372635463989,0.64052784
330726,0.0,10.311882,0.25341630218358624,0.014161665598411505,0.4926709387687609,0.76099128
330727,0.0,9.9242048,-0.020926090131755615,-0.13756347846669953,0.09571129820318829,0.38557813
330781,0.0,10.089459,0.12067984205335236,-0.11842947609459822,0.3597891602013029,0.6876725
330782,0.0,11.229425,-0.13112343351351186,-0.4811574040922494,0.21891053706522556,0.97199452
330783,0.0,10.369727,0.1669340794843137,-0.01332226719695423,0.3471904261655816,0.76541102
330784,0.0,10.779702,0.285237712727362,-0.006788895953088014,0.5772643214078119,0.95052272
330822,0.0,9.9753847,0.016067470487822533,-0.15451673059541016,0.1866516715710552,0.43410686
330824,0.0,9.7644253,0.11492483528952846,-0.03720816997706641,0.2670578405561233,0.32474795
330825,0.0,10.14643,-0.13512185264691468,-0.34220539221288493,0.0719616869190555,0.53463423
330881,0.0,10.118123,-0.37792292997716714,-0.626229014365602,-0.12961684558873235,0.61511368
330921,0.0,10.88508,-0.19862973665608052,-0.5043991702058858,0.10713969689372466,0.35645282
330922,0.0,11.128108,-0.32733335102395245,-0.5746981784855958,-0.07996852356230919,0.47244874
331022,0.0,9.9903135,-0.30420262088604133,-0.41623450988511457,-0.1921707318869681,0.47050369
331023,0.0,9.8333282,-0.0013323638566156148,-0.22014236460577494,0.21747763689254365,0.53160435
331024,0.0,9.8103695,0.00813978610601751,-0.17879077998348294,0.1950703521955179,0.47007576
331081,0.0,10.69941,-0.29957112645717743,-0.6240829032783093,0.02494065036395432,0.86237776
331082,0.0,10.134414,-0.1397283957152844,-0.47194513011696565,0.1924883386863968,0.73572952
331083,0.0,11.101763,0.12088433486048622,-0.09123209373244123,0.3330007634534136,0.80366689
331121,0.0,9.9479046,0.06060327961374057,-0.18733947006152502,0.3085460292890061,0.51626778
331122,0.0,9.9919128,0.05991305033503025,-0.12361615604258694,0.24344225671264738,0.46486101
331123,0.0,10.010571,-0.18743303204738027,-0.32259334015411767,-0.05227272394064286,0.51795399
331124,0.0,9.7986889,-0.01193880889654153,-0.1658153252225771,0.141937707429494,0.35036489
331125,0.0,10.175299,-0.07719659024897396,-0.249036724351523,0.09464354385357504,0.38617399
331126,0.0,9.5584564,0.17185577149980347,0.10597939845956159,0.23773214454004532,0.21146907
331127,0.0,9.5928755,0.12401522902590045,-0.03302854151687712,0.28105899956867797,0.2890228
331181,0.0,9.8658028,-0.006960072416717367,-0.18321689875026087,0.1692967539168261,0.3591288
340121,1.0,8.7954826,-0.5942923403329203,-0.8541761514917213,-0.3344085291741194,0.45183206
340122,1.0,9.0385122,-0.7370871248707829,-0.950495438331961,-0.5236788114096048,0.5477224
340123,1.0,9.1678743,-0.6397558883480201,-0.7938279048318908,-0.4856838718641494,0.52599573
340124,1.0,8.462431,-0.7369520847681841,-0.9754286505117995,-0.49847551902456866,0.53222835
340181,1.0,9.0557957,-0.7076580646349697,-0.8720824000798078,-0.5432337291901317,0.52631187
340221,1.0,9.2116003,-0.7474038551231672,-1.0228603007539352,-0.4719474094923994,0.57641089
340222,1.0,9.5210228,-0.6937198257727637,-0.9096331731339927,-0.4778064784115347,0.63794363
340223,1.0,8.9900646,-0.7602651689945503,-1.0136972171858,-0.5068331208033008,0.52498806
340281,0.0,9.4665298,-0.1376432417824951,-0.38219462980946356,0.10690814624447331,0.36592045
340321,1.0,8.6928625,-0.7925591638461214,-0.987267424836807,-0.5978509028554357,0.49017841
340322,1.0,8.9047756,-0.8066795553789277,-0.9971529869985047,-0.6162061237593506,0.50001842
340323,1.0,8.9827623,-0.7609780594383011,-0.9307545868767249,-0.5912015319998773,0.4498457
340421,1.0,9.4974861,-0.7445128203895521,-0.967040228447623,-0.5219854123314813,0.65330625
340521,1.0,9.3329334,-0.7741609746080584,-0.9955556572023354,-0.5527662920137815,0.58530396
340522,1.0,8.969779,-0.7742230101445458,-0.9418150611824974,-0.6066309591065941,0.55870581
340523,1.0,8.8309689,-0.7764356710853164,-0.9964576640233433,-0.5564136781472895,0.57856715
340621,1.0,8.5147066,-0.7418228027270075,-0.922410314780497,-0.5612352906735181,0.50456417
340822,1.0,8.9619904,-0.7655950832500906,-1.0301632047738352,-0.5010269617263463,0.57671177
340825,1.0,8.6306944,-0.7142452608515413,-0.9118596076098318,-0.5166309140932509,0.4487718
340826,1.0,8.6257286,-0.7213026675994101,-0.9692318799641717,-0.4733734552346486,0.46574515
340827,1.0,8.4698515,-0.6715438601761434,-0.8787880046851114,-0.4642997156671755,0.4663249
340828,1.0,8.6043758,-0.0498987602497003,-0.2810779968399826,0.18128047634058195,0.32603538
340881,1.0,9.1089239,-0.6800135140463119,-0.9633496495959345,-0.39667737849668944,0.57511443
340882,0.0,9.2695217,0.23603994350927948,0.12685667576285292,0.345223211255706,0.25529337
341021,1.0,9.2199297,-0.5483482126548793,-0.770517801198849,-0.3261786241109097,0.47816223
341022,1.0,9.0817976,-0.6411610694567926,-0.8721963140742046,-0.41012582483938065,0.45287564
341023,1.0,9.16395,-0.10577886446027662,-0.2699266916490637,0.05836896272851036,0.39548206
341024,1.0,9.2688494,-0.41473329560082206,-0.5993266333685086,-0.23013995783313562,0.46568021
341122,1.0,9.0452251,-0.7352314633574792,-0.9600044098417794,-0.5104585168731791,0.48163667
341124,1.0,9.0010843,-0.7558695790721046,-0.9707804653990645,-0.5409586927451447,0.49930665
341125,1.0,8.5541124,-0.7544528552758862,-1.007083813217383,-0.5018218973343895,0.49367771
341126,1.0,8.7795887,-0.7139552144838106,-0.9852737730807309,-0.44263665588689033,0.47541639
341181,1.0,9.3904972,-0.7973911479585567,-1.0444847413322396,-0.5502975545848738,0.61190295
341182,1.0,8.8355455,-0.6474997784303973,-0.9698262632558767,-0.325173293604918,0.48976967
341221,1.0,7.9747391,-0.6420813817248217,-0.9404906772314499,-0.34367208621819345,0.39298797
341222,1.0,8.2123022,-0.7490185177881301,-0.9458804278969759,-0.5521566076792843,0.48660907
341225,1.0,7.979641,-0.660920035878398,-0.9692677614051066,-0.35257231035168934,0.40550026
341226,1.0,8.1778755,-0.635738567505193,-0.8502423287883333,-0.4212348062220527,0.4108302
341282,1.0,8.5330601,-0.6370382254774185,-0.8973569833493984,-0.3767194676054387,0.44829753
341321,1.0,8.4474134,-0.6342008529242733,-0.9885778892394924,-0.2798238166090543,0.37556157
341322,1.0,8.492156,-0.7069709764789849,-0.8999572800780686,-0.5139846728799012,0.44440851
341323,1.0,8.4974222,-0.8047298887141494,-1.0608471387605811,-0.5486126386677177,0.47325158
341324,1.0,8.6450148,-0.7891004186541508,-1.0292404571479228,-0.548960380160379,0.45885631
341522,1.0,8.3321314,-0.6369047611277807,-0.8069259942038196,-0.4668835280517418,0.45751512
341523,1.0,8.5650024,-0.6274057507865791,-0.8544941881766717,-0.4003173133964866,0.50769871
341524,1.0,8.5392265,0.027796563322173284,-0.21073377219295183,0.2663268988372983,0.30014661
341525,1.0,9.2324057,-0.14437835987552816,-0.2547729200142383,-0.033983799736818046,0.46185625
341621,1.0,8.5148172,-0.7685769131746341,-0.9963129711783945,-0.5408408551708737,0.54792774
341622,1.0,8.5646696,-0.7945694012752682,-1.008520189541408,-0.5806186130091285,0.54844236
341623,1.0,8.2465258,-0.6540968790224184,-0.9871567059756792,-0.3210370520691577,0.39523965
341721,1.0,8.7419672,-0.549290274925454,-0.7861057584301535,-0.31247479142075457,0.42699671
341722,1.0,8.5273838,0.10310168288949306,-0.09061160387374628,0.29681496965273235,0.18901096
341723,1.0,8.8373575,-0.20698498337665683,-0.4053833520330521,-0.008586614720261593,0.39572912
341821,1.0,9.0800304,-0.30365085652370283,-0.5270870965616807,-0.08021461648572503,0.34695768
341823,1.0,8.9758701,-0.22812934389682482,-0.44254512364712084,-0.013713564146528856,0.39692718
341824,1.0,9.2295532,-0.2142357409655311,-0.42701345120780176,-0.0014580307232605338,0.3608149
341825,1.0,8.9549351,-0.20520219260452777,-0.4241671464835115,0.013762761274455942,0.34493908
341881,1.0,9.8241606,-0.6591775348228168,-0.8221347947200419,-0.49622027492559184,0.6343112
341882,0.0,9.727273,-0.26849368434130483,-0.5462835980190779,0.009296229336468176,0.43899202
350121,1.0,9.6872129,-0.6132903684325441,-0.8258867605898998,-0.40069397627518855,1.0328662
350122,1.0,9.5755959,-0.6650478636731663,-0.927744551316821,-0.40235117602951154,0.91152012
350123,1.0,9.6897469,-0.604339826071314,-0.8494179810489341,-0.3592616710936939,0.57249904
350124,1.0,9.7141552,-0.6892000807625998,-0.9374559803923019,-0.4409441811328976,0.79374361
350125,1.0,9.058877,-0.7229423483855086,-0.916320513556329,-0.5295641832146882,0.49119049
350128,1.0,9.1661005,-0.6960582131807982,-0.9301096227209152,-0.46200680364068125,0.4903776
350181,1.0,10.008718,-0.5390519344416731,-0.7638268678683504,-0.3142770010149958,1.050343
350322,1.0,8.8479042,-0.6550046154507783,-0.8461985610271187,-0.46381066987443786,0.6447593
350421,1.0,9.3254547,-0.6580654711846563,-0.8478367742871973,-0.4682941680821153,0.49186516
350423,1.0,9.0960636,-0.691108676731794,-0.903836357680044,-0.478380995783544,0.54770827
350424,1.0,8.7785311,-0.699049813850209,-0.8682921018683671,-0.5298075258320509,0.4889282
350425,1.0,8.9725981,-0.6807837397487262,-0.9048278656270177,-0.4567396138704347,0.6196124
350426,1.0,9.2751532,-0.7304166960105007,-0.9709191145951088,-0.48991427742589266,0.74028009
350427,1.0,9.6812286,-0.750917708058978,-0.9449306937083278,-0.5569047224096281,0.86257327
350428,1.0,9.4742527,-0.5956415008088172,-0.7919993845679555,-0.39928361704967896,0.79352295
350429,1.0,9.6896667,-0.6585315545439343,-0.8883762123232911,-0.42868689676457755,0.59700894
350430,1.0,9.2663584,-0.6572759605006198,-0.9601711340667511,-0.35438078693448843,0.39192706
350481,1.0,9.9420538,-0.6601215433749452,-0.855063715898303,-0.46517937085158745,1.0818861
350521,1.0,9.9176025,-0.4456111090335959,-0.6621582532947003,-0.22906396477249147,0.90239227
350524,1.0,9.3981934,-0.5203043665798468,-0.7572232007510151,-0.2833855324086785,0.7385
350525,1.0,9.6807003,-0.6918438014026869,-0.8461476386092817,-0.5375399641960921,0.86973178
350526,1.0,9.7734108,-0.5538516793173116,-0.7232335962105604,-0.38446976242406283,0.82230413
350581,1.0,10.448708,-0.1596759385624651,-0.4710488687508942,0.15169699162596395,1.0999789
350582,1.0,10.422107,-0.037789012025267965,-0.30719561664122935,0.23161759259069337,1.2682493
350583,1.0,9.5717745,-0.23452661244364137,-0.5667491683851182,0.09769594349783539,1.0850155
350622,1.0,9.0302954,-0.6128889803235538,-0.855073165741435,-0.3707047949056726,0.73130989
350623,1.0,9.1745758,-0.572608509343091,-0.8132110249904649,-0.3320059936957172,0.8651194
350624,1.0,9.0490694,-0.6642085384260383,-0.8792547296354314,-0.4491623472166453,0.69801414
350625,1.0,9.6391306,-0.70020296247122,-0.8913838848009757,-0.5090220401414645,0.81721938
350626,1.0,9.7503519,-0.5875731987523025,-0.8041912520894637,-0.37095514541514135,0.85845208
350627,1.0,9.6225519,-0.5861438821959766,-0.7778386619355047,-0.3944491024564485,0.90889895
350628,1.0,8.969286,-0.6829410562963503,-0.9610820159838876,-0.40480009660881294,0.69929194
350629,1.0,9.2924929,-0.6942950358242541,-0.9256508011247613,-0.462939270523747,0.62953967
350681,1.0,9.7760553,-0.7341765238939075,-0.9551775114503593,-0.5131755363374557,1.0915432
350721,1.0,9.2184687,-0.5724157124762854,-0.7688698265202276,-0.37596159843234334,0.75174475
350722,1.0,8.6978874,-0.665401785700773,-0.8680922468147736,-0.46271132458677244,0.50447506
350723,1.0,9.095026,-0.5456612809999086,-0.7285830256271729,-0.36273953637264433,0.45722926
350724,1.0,8.8948116,-0.47543760195679496,-0.6853763229249706,-0.26549888098861935,0.36777401
350725,1.0,8.5034666,-0.29327642973989754,-0.5957619950826538,0.009209135602858742,0.30337873
350781,1.0,9.6303949,-0.5803487124297533,-0.7934358311573195,-0.3672615937021871,0.894333
350782,1.0,9.42381,-0.569880142175414,-0.7572939197170478,-0.38246636463378025,0.69134653
350783,1.0,9.0547009,-0.5836705149824581,-0.8419218226113476,-0.3254192073535688,0.72469896
350821,1.0,8.7279949,-0.6064358043035085,-0.8270307513345123,-0.3858408572725047,0.39465263
350823,1.0,9.0457134,-0.6907183183153549,-0.9917038828456157,-0.3897327537850942,0.57647741
350824,1.0,8.9439163,-0.6386799675541823,-0.8754787426837268,-0.4018811924246379,0.48064163
350825,1.0,9.0895834,-0.34669495082047064,-0.6025136551684162,-0.09087624647252518,0.35374069
350881,1.0,9.5455685,-0.6107552684543975,-0.7884978367678901,-0.4330127001409051,0.82221299
350921,1.0,9.1378565,-0.6915945788061393,-0.8994563486343804,-0.4837328089778983,0.47733504
350922,1.0,9.0497265,-0.6606429445073587,-0.9240326230396366,-0.39725326597508087,0.55243272
350923,1.0,8.9784098,-0.2710570045402214,-0.5006528734559266,-0.04146113562451634,0.33559692
350924,1.0,8.7600765,-0.06387103314305165,-0.24998335038036057,0.12224128409425722,0.27894035
350925,1.0,8.7402496,-0.2205622307553341,-0.41501605151869114,-0.02610840999197714,0.39297754
350926,1.0,9.2658701,-0.010172000987111574,-0.2062458708587274,0.18590186888450422,0.28877211
350981,1.0,9.2829895,-0.6690589938371581,-0.8573522566919367,-0.4807657309823794,0.64351004
350982,1.0,9.1674967,-0.5800144463341894,-0.7821085900265696,-0.37792030264180926,0.70336425
360121,1.0,10.370268,-0.10038770219951587,-0.3982393712627447,0.19746396686371293,0.54305416
360123,1.0,10.050082,0.11557723987736779,-0.028057924741724583,0.2592124044964601,0.32818335
360124,1.0,10.08243,0.14890231061079717,0.048486985999940654,0.24931763522165368,0.3007195
360222,1.0,9.518425,0.009775199548109015,-0.09844484259449064,0.11799524169070864,0.3019388
360281,1.0,9.7003498,0.09597219220140119,-0.026096081796766354,0.21804046619956868,0.41073141
360321,1.0,8.8964758,0.07257609893639483,-0.00608989160405661,0.15124208947684625,0.2952415
360322,1.0,9.8477039,0.08200978453208307,-0.030123897736521688,0.1941434668006878,0.45487624
360323,1.0,10.035979,0.04883839837779291,-0.07088825185074546,0.16856504860633126,0.39207119
360423,1.0,9.2801523,-0.308700998795036,-0.5538912149126907,-0.06351078267738139,0.43132684
360424,1.0,8.5181208,-0.3890758131176213,-0.6110868503931403,-0.16706477584210233,0.39740029
360425,1.0,9.4760809,-0.2018952110718253,-0.4029422755657363,-0.0008481465779143216,0.41812104
360426,1.0,9.8746834,-0.005907817946443572,-0.19086401691062446,0.17904838101773726,0.40937164
360428,1.0,8.367835,0.16845394833240945,-0.037201686367407255,0.37410958303222613,0.30301002
360429,1.0,9.5304241,-0.11592199524571356,-0.2842287012093395,0.05238471071791234,0.39043099
360430,1.0,8.9786844,-0.07554359642445263,-0.2145574272973114,0.0634702344484061,0.34229341
360481,1.0,9.4642248,0.03484995934931234,-0.09376588430888244,0.1634658030075071,0.38294464
360521,1.0,10.305559,-0.22906640772662357,-0.4693865945008081,0.011253779047560947,0.57106292
360681,1.0,10.336283,0.2245640518779357,-7.87910047481688e-05,0.44920689476061954,0.76153785
360722,1.0,9.1842079,-0.30885774817469525,-0.5740695630816979,-0.04364593326769267,0.42003214
360723,1.0,9.8465252,0.009986414601470983,-0.08255954469177994,0.10253237389472188,0.44754848
360724,1.0,8.8087425,-0.17111666167581419,-0.35823592583510877,0.016002602483480344,0.36341152
360725,1.0,9.8106089,-0.036879597396527686,-0.15165719732184774,0.07789800252879234,0.37544245
360726,1.0,8.656929,0.11519521877468009,-0.03894672101172286,0.269337158561083,0.26634264
360727,1.0,9.8311405,-0.3410068232385761,-0.5997666625033165,-0.08224698397383584,0.54026514
360728,1.0,9.4543095,0.06946900696393143,-0.0021533592349714387,0.1410913731628343,0.33260137
360729,1.0,9.4458294,-0.03436387129590557,-0.08634763522013285,0.0176198926283217,0.34235293
360730,1.0,8.8448925,-0.20422807345241978,-0.45152764035056814,0.043071493445728526,0.32301977
360731,1.0,8.6457539,-0.1286628470015181,-0.31041741619252305,0.05309172218948688,0.37237242
360732,1.0,8.7374535,-0.1560308343412551,-0.3732375385029193,0.061175869820409096,0.32546416
360733,1.0,8.6899776,-0.2336669216046907,-0.47138788901091777,0.004054045801536316,0.31646886
360734,1.0,8.8727455,-0.08421567952468934,-0.3273596549361186,0.1589282958867399,0.32969174
360735,1.0,8.7748413,0.09761923894091318,-0.07505397873507097,0.27029245661689727,0.24433435
360781,1.0,9.0444946,0.06765092553689556,-0.16461661850150508,0.29991846957529616,0.32482836
360821,1.0,9.0927982,-0.5501688356420402,-0.7653366952951107,-0.3350009759889698,0.46957672
360822,1.0,9.0933323,-0.11541842931584867,-0.22598401689694758,-0.0048528417347497715,0.36895075
360823,1.0,9.4333363,-0.252116819206087,-0.45953802692354706,-0.044695611488626885,0.41261876
360824,1.0,9.6207666,0.014503364102527172,-0.11247497686590488,0.1414817050709592,0.32474202
360825,1.0,9.3305855,-0.08618364485721486,-0.2490922696742808,0.07672497995985106,0.3648051
360826,1.0,9.4593525,-0.13147925223990597,-0.31024999247544144,0.04729148799562943,0.37931785
360827,1.0,8.676405,-0.09693415790509263,-0.23602276462753521,0.04215444881734992,0.36793742
360828,1.0,8.6798973,-0.09658559932104538,-0.3258376243830146,0.1326664257409238,0.39372379
360829,1.0,9.4479427,-0.20324596831803277,-0.35207427948413184,-0.054417657151933724,0.38624901
360830,1.0,8.6806707,0.07278227386575153,-0.12041544302996404,0.26597999076146706,0.28301787
360881,1.0,9.3527412,0.012060909510051232,-0.10462771602472393,0.12874953504482636,0.34823927
360921,1.0,9.6810846,-0.1394098650678437,-0.3063244757330813,0.027504745597393854,0.40801996
360922,1.0,9.1344662,-0.028708528398148303,-0.1363720640637074,0.07895500726741078,0.34416887
360923,1.0,9.695775,-0.21999745213357613,-0.409673374708279,-0.030321529558873267,0.42381677
360924,1.0,9.5329447,-0.05002536619809561,-0.13635348886129647,0.036302756465105224,0.34709623
360925,1.0,9.4563379,0.07598537940888406,-0.03626124517222083,0.1882320039899889,0.27930462
360926,1.0,9.3764486,0.0347831546376014,-0.06748059511468556,0.1370469043898883,0.29101393
360981,1.0,9.6902008,-0.3288424738446345,-0.5947099075173353,-0.06297504017193373,0.48389196
360982,1.0,10.109429,0.01945513489217987,-0.15309844731059885,0.19200871709495856,0.44602314
360983,1.0,9.4318409,0.028558131678352083,-0.09744751834675167,0.1545637817034558,0.36004341
361021,1.0,9.456214,-0.2285608787119351,-0.4216266544403666,-0.03549510298350364,0.38244519
361022,1.0,9.1730652,0.13453779110421138,0.07337744477730326,0.19569813743111947,0.28337482
361023,1.0,9.5808887,-0.16060275263875212,-0.30120956477578503,-0.01999594050171924,0.33554164
361024,1.0,9.4312439,-0.02604913883516602,-0.1447246619869873,0.09262638431665524,0.3066923
361025,1.0,8.5021095,0.1539266080810755,-0.009706008996206217,0.3175592251583572,0.18923622
361026,1.0,9.0900011,0.12708945296120078,0.05558820928519387,0.1985906966372077,0.2591539
361027,1.0,9.1741629,0.17691687445367776,0.05667869233760296,0.29715505656975255,0.24067181
361028,1.0,9.3277426,-0.029074696877088968,-0.12260536691588778,0.06445597316170981,0.32946274
361030,1.0,8.4640512,0.22413935576979327,0.051086274589808495,0.397192436949778,0.19930901
361123,1.0,9.0377293,-0.006434661446856893,-0.17180978453172716,0.15894046163801334,0.38420078
361124,1.0,9.1827288,-0.2651483031644979,-0.47447939772048797,-0.05581720860850786,0.42558578
361125,1.0,9.2642517,0.045291354919974935,-0.07782279947313177,0.16840550931308162,0.33990404
361126,1.0,9.1650696,0.025302392741323843,-0.12448190513510674,0.17508669061775436,0.34826261
361127,1.0,8.4684687,0.07771064168904118,-0.11565012390095972,0.271071407279042,0.29815069
361128,1.0,8.2972622,0.15138382878795653,-0.06612537163911078,0.36889302921502376,0.23370749
361129,1.0,9.3023615,-0.030373840583148848,-0.13826431143480233,0.07751663026850462,0.36357799
361130,1.0,9.3148746,-0.019133779236796045,-0.18341371569446752,0.1451461572208754,0.37234059
361181,1.0,10.209196,0.06875531937367718,-0.15942925592052967,0.29693989466788395,0.54938811
370126,1.0,9.5718737,-0.21199674034552274,-0.47583039867402693,0.0518369179829814,0.31975895
370281,0.0,11.00933,-0.01098995528002078,-0.31393386364445647,0.2919539530844148,0.8135401
370283,0.0,10.368803,-0.567677412040851,-0.7804545370337531,-0.35490028704794885,0.67903763
370284,0.0,10.916439,-0.03166482080107258,-0.37074672254583274,0.30741708094368747,0.87449723
370285,0.0,10.737248,-0.6389929530382652,-0.8464868668234692,-0.43149903925306127,0.75337386
370321,0.0,10.915916,0.19605044424171503,-0.04425683142206943,0.43635771990549943,0.70583349
370322,1.0,10.295223,-0.3978344183890421,-0.6631272589447232,-0.13254157783336096,0.61224037
370481,0.0,10.397797,0.09101133908517944,-0.20622408750900384,0.38824676567936267,0.68073338
370522,1.0,10.682552,0.03408647164989276,-0.10157262085345284,0.16974556415323833,0.44545653
370523,0.0,11.164099,-0.05095707604107247,-0.362659102631677,0.26074495054953195,0.63997799
370634,0.0,11.388964,-0.35963699812915806,-0.7962839414694416,0.07700994521112536,0.28814214
370681,0.0,11.439211,0.10784904530254558,-0.1399038567712065,0.3556019473762976,0.86896569
370682,1.0,10.475544,-0.2406523643541636,-0.4611184953479536,-0.02018623336037359,0.76204252
370683,0.0,10.785484,-0.5437366384827769,-0.7275627283752895,-0.3599105485902644,0.81668311
370684,0.0,11.109367,0.024822284213628976,-0.23247922871858878,0.2821237971458467,0.77675021
370685,0.0,11.110595,0.1335234553254665,-0.13887708257317022,0.40592399322410316,0.79274154
370725,0.0,9.999176,-0.5969223692956831,-0.8313288773496066,-0.3625158612417597,0.66141748
370781,0.0,10.336457,-0.22984937251147564,-0.4919814711379108,0.03228272611495947,0.63998646
370782,0.0,10.469661,-0.4348614336208101,-0.6570692931410473,-0.21265357410057292,0.80852032
370783,0.0,10.56743,-0.600394953680933,-0.8391069681363432,-0.36168293922552286,0.87568378
370784,1.0,9.7942505,-0.07003112332738226,-0.23853729808679736,0.0984750514320328,0.45619339
370785,0.0,10.297449,-0.46978223720365264,-0.6948069089038402,-0.24475756550346514,0.73062861
370786,0.0,10.397949,-0.5229544388352032,-0.7170804008633926,-0.32882847680701377,0.7620464
370828,1.0,9.6706238,0.007067602686596786,-0.14143380356323543,0.15556900893642897,0.32186446
370829,0.0,9.6840219,-0.1015590948758387,-0.31824561432036624,0.11512742456868885,0.49191537
370831,1.0,9.6031361,-0.010113602301839109,-0.13881240115805002,0.11858519655437177,0.38360161
370881,0.0,10.38358,-0.3452978684055754,-0.6533706504496456,-0.037225086361505344,0.75705189
370883,0.0,10.605307,0.1208503508039307,-0.1337173044677702,0.3754180060756315,0.89293218
370921,1.0,10.057562,-0.2622302887338712,-0.4881893136874327,-0.03627126378030979,0.52160531
370982,0.0,10.412368,0.20515868296307183,-0.001459160278630578,0.4117765262047742,0.61035246
370983,0.0,10.597322,0.07556804216570434,-0.16603738071537735,0.317173465046786,0.59593153
371082,1.0,11.445608,0.08891470921765787,-0.24763355349854832,0.425462971933864,0.77295446
371083,0.0,10.839014,-0.27607168464048115,-0.49834113259547,-0.05380223668549233,0.81635386
371122,1.0,9.7308922,0.15968362949001857,0.041362857781936754,0.2780044011981004,0.31791902
371321,0.0,9.4676952,0.061712418564109583,-0.04487304230370062,0.16829787943191976,0.39219728
371322,1.0,9.8188896,-0.06911162536151494,-0.24491498950171497,0.10669173877868504,0.47005728
371325,0.0,9.809021,0.00900161429773405,-0.11839288573038564,0.13639611432585372,0.44745195
371326,1.0,9.6926689,0.0736147348946048,0.00450852002478512,0.14272094976442445,0.39258367
371327,0.0,9.7265015,0.007150208920993606,-0.15103647923996624,0.16533689708195343,0.43845797
371423,1.0,10.242497,0.033351289119405436,-0.10827300590868366,0.1749755841474945,0.28079537
371425,0.0,10.095878,-0.6512150075840708,-0.8952200869855881,-0.4072099281825536,0.76871932
371427,1.0,10.057745,0.1249610297832966,0.03876662177756335,0.21115543778902984,0.31187338
371428,0.0,10.163221,-0.3576492341108377,-0.5994041608693144,-0.11589430735236114,0.62486327
371482,0.0,10.13242,-0.31092901649516946,-0.5911530445978076,-0.030704988392531385,0.56501395
371522,1.0,9.7076759,0.1619345429851755,0.04856880384832363,0.2753002821220274,0.26148638
371525,1.0,9.8353996,0.15912401413317667,0.04506717915083881,0.2731808491155145,0.26726502
371621,1.0,9.7276344,0.1342807692160619,0.00946180392173357,0.25909973451039026,0.27118605
371622,1.0,9.846446,0.10423213162546219,-0.020638879524495446,0.2291031427754198,0.30119249
371625,0.0,10.420917,-0.23329263554330026,-0.46674039363497877,0.0001551225483782115,0.72654694
371681,0.0,11.015617,0.19816463637305937,-0.051044841696521154,0.44737411444263986,0.7568357
371721,1.0,9.0212727,-0.04784013115519414,-0.2136810704128865,0.11800080810249819,0.36201867
371726,1.0,9.0761471,-0.015402107744829863,-0.14043554602431188,0.10963133053465213,0.31966114
410122,1.0,10.399105,-0.25447734138019484,-0.5512166755454526,0.042261992785062874,0.44424933
410181,1.0,11.336251,0.4271954230906587,0.2108001114372587,0.6435907347440587,0.67536771
410182,0.0,10.891119,0.06866707084907908,-0.10454669288325602,0.24188083458141416,0.73042446
410183,0.0,10.738178,0.29835712334343256,0.05736145486067118,0.5393527918261939,0.7147857
410184,0.0,10.863812,0.1886028579592942,0.05046616004444232,0.32673955587414605,0.74636412
410185,0.0,10.646604,0.2776604603346531,-0.0036094368203624105,0.5589303574896685,0.82178414
410221,0.0,9.484025,0.09985066109501517,-0.14763528813984622,0.3473366103298765,0.25419259
410222,0.0,9.7512045,-0.042258069843967405,-0.25241049791113224,0.1678943582231974,0.27083138
410223,0.0,9.9256182,-0.07610176320463324,-0.3570507079091322,0.20484718149986564,0.35782096
410225,1.0,10.601015,0.19224224088654296,0.08580566048832053,0.29867882128476536,0.28594998
410322,0.0,10.074083,-0.29248447470785166,-0.5393793523413846,-0.04558959707431884,0.51157176
410323,0.0,10.75683,0.1882043881166915,-0.025413378227134797,0.4018221544605177,0.62740982
410324,0.0,10.582357,-0.3724082502497339,-0.6791946182832204,-0.06562188221624748,0.73665404
410325,0.0,9.8163605,0.020112034593097405,-0.15476709889053064,0.1949911680767254,0.29929864
410326,0.0,9.7108994,0.00891048572058395,-0.1061753841857253,0.12399635562689318,0.33178791
410327,1.0,10.097405,0.05766467926139285,-0.10277375056599572,0.21810310908878136,0.35791224
410328,0.0,9.8544693,-0.12481233035928341,-0.2439696841801812,-0.005654976538385648,0.2950463
410329,0.0,10.296905,-0.2618754462234367,-0.6910672038164728,0.16731631136959924,0.71693623
410381,0.0,10.685555,0.05693461441293657,-0.29077270422597584,0.40464193305184887,0.71307099
410421,0.0,10.235463,-0.1328208173708596,-0.3736048573492278,0.10796322260750857,0.56853414
410422,0.0,9.5514441,0.0785776783528398,-0.03511183235227672,0.1922671890579563,0.31429458
410423,0.0,9.0410223,0.15782011281550368,0.03374668423588921,0.28189354139511813,0.296343
410425,1.0,9.8670712,0.10926885156638733,-0.0038209745586254285,0.22235867769140005,0.34074074
410481,0.0,10.400471,0.1607380400917453,-0.15716392157201026,0.4786400017555008,0.682495
410482,1.0,10.656939,0.09325291280589099,-0.12061747476267029,0.30712330037445223,0.48425981
410522,0.0,10.176483,-0.31027476229252926,-0.7314874522393087,0.11093792765425015,0.62146276
410523,0.0,9.9903135,0.07071551056900205,-0.07136550197533592,0.21279652311334,0.30661157
410526,1.0,9.9470816,0.3013466081647884,0.20031187419238689,0.4023813421371899,0.14994432
410527,0.0,9.4882517,0.09903505200508,-0.11440430947244265,0.31247441348260263,0.22151574
410581,0.0,10.381013,0.1472538788591784,-0.09214384653197719,0.38665160425033396,0.52285326
410621,0.0,9.4900208,0.1249942934565631,0.012859404101566163,0.23712918281156,0.27008158
410622,0.0,10.578473,-0.047623102814732476,-0.18976090047206212,0.09451469484259714,0.40799883
410721,0.0,10.654718,0.1014472684624046,-0.1311775870957774,0.3340721240205865,0.60307813
410724,0.0,9.4530039,0.06601577661803404,-0.06484124939772035,0.1968728026337884,0.34753001
410725,0.0,9.2640619,0.16858285400326167,0.04888310725514991,0.2882826007513734,0.25805053
410726,0.0,9.5897207,0.03285156758262886,-0.1511608420653862,0.21686397723064385,0.31407073
410727,1.0,9.305747,0.13217930611770257,0.024959966494848912,0.2393986457405562,0.18428904
410781,0.0,9.5824623,0.15094156474957288,-0.006472076666183213,0.30835520616532897,0.27954486
410782,0.0,10.034294,-0.09739412897458521,-0.37846469555440915,0.18367643760523866,0.51936567
410783,0.0,9.6467161,-0.26422618042688484,-0.4899235433162185,-0.03852881753755122,0.4248639
410821,0.0,10.296949,-0.3133337198251933,-0.7170211724588645,0.0903537328084778,0.61626095
410822,0.0,10.490328,-0.21716985596113325,-0.615425347537543,0.18108563561527635,0.70301485
410823,0.0,10.155354,-0.2893684830120371,-0.5082285660232506,-0.0705084000008237,0.51734716
410825,1.0,10.614627,0.026705624295665586,-0.1273981756565115,0.18080942424784263,0.47148326
410882,0.0,10.724429,0.10318409066995926,-0.11050634889241046,0.3168745302323289,0.68259615
410883,0.0,10.645284,0.09225451592205935,-0.22508508275546107,0.40959411459957973,0.66621059
410922,0.0,9.5641384,0.1692747956625169,0.10002909354805065,0.23852049777698314,0.25358728
410923,0.0,9.6810389,0.14017935455024855,0.05726294506305511,0.22309576403744197,0.20573443
410926,1.0,9.8862305,0.11022925239258541,0.006092744957576682,0.21436575982759412,0.20884988
410927,0.0,9.5566969,0.05724173731687188,-0.04802138177892447,0.1625048564126682,0.13003573
410928,0.0,9.6417322,0.12348951375489747,-0.015065569559619657,0.2620445970694146,0.34449244
411024,1.0,10.381464,0.11743980663680986,-0.019381560417333327,0.254261173690953,0.28083092
411025,0.0,10.165713,-0.15993300075902894,-0.4266705480274969,0.10680454650943894,0.37887129
411081,0.0,10.140435,-0.041894355218811796,-0.40302366230221354,0.3192349518645899,0.65876812
411082,0.0,10.472533,0.09306334190078225,-0.132681613012616,0.31880829681418044,0.55276811
411121,0.0,9.5866365,0.1332080686786945,-0.0158736960183814,0.2822898333757704,0.26503232
411122,0.0,10.068633,0.0893042225893872,-0.00814708726810584,0.1867555324468802,0.33765021
411221,0.0,10.600533,-0.19497587545445683,-0.668037521872322,0.27808577096340825,0.65602589
411224,1.0,9.5768061,0.2525727951498524,0.10100747260656487,0.40413811769313995,0.28479558
411281,0.0,11.187967,0.3453382844815387,0.1739642522609107,0.5167123167021667,0.71369195
411282,0.0,10.521108,0.06552883609886706,-0.15441591100301735,0.28547358320075145,0.55970013
411321,0.0,9.5643387,0.10361005688542235,-0.0101641432160465,0.21738425698689118,0.30115116
411322,0.0,9.2496939,-0.04276168185174356,-0.34398864006348484,0.25846527635999766,0.29441556
411323,0.0,10.296147,-0.12725282261307314,-0.2791246660006335,0.024619020774487216,0.45292053
411324,0.0,9.7430229,0.06171836161806965,-0.02804558916400629,0.15148231240014556,0.34556806
411325,0.0,9.6509781,-0.004199793443270039,-0.25858727658281855,0.2501876896962784,0.33877361
411326,0.0,9.7378731,-0.05776344232912578,-0.3424387023185703,0.2269118176603187,0.36466041
411327,0.0,9.4174099,0.14635074893379496,-0.01054794086169189,0.3032494387292818,0.22255592
411328,1.0,9.6875486,0.16087302630542766,0.08696227484340055,0.23478377776745474,0.26843479
411329,0.0,10.031791,-0.1802914283399346,-0.46832668640600517,0.10774382972613589,0.37797931
411330,0.0,10.023216,-0.030052522271446946,-0.20740304082752628,0.14729799628463236,0.35541055
411381,1.0,10.1884,0.2142788512054743,0.037972415951580935,0.39058528645936763,0.19371764
411421,0.0,9.4265623,0.13322441264566365,-0.029786891326694848,0.29623571661802206,0.15423438
411422,0.0,9.3540249,0.14906912438922504,0.010214729146239443,0.28792351963221063,0.16187593
411423,0.0,9.1912737,0.10231270324502617,-0.003352990927944624,0.20797839741799695,0.15485194
411424,0.0,9.263546,0.08464796191591972,-0.03428292651803165,0.20357885034987105,0.14098978
411425,0.0,9.3792772,0.16436843790218347,-0.020277555059510344,0.34901443086387723,0.20201206
411426,1.0,9.5258331,0.1278268613753184,0.03414034771106371,0.22151337503957308,0.10306992
411481,1.0,10.548316,-0.1444206297633599,-0.45589850393748516,0.1670572444107653,0.57094634
411521,0.0,9.562623,0.20580499523604345,0.07425044609122883,0.337359544380858,0.17063293
411522,0.0,9.4373484,0.25331653062136894,0.09097889363464501,0.4156541676080928,0.2249836
411523,0.0,9.816555,0.0705446542551833,-0.05514974084075916,0.19623904935112574,0.19193116
411524,0.0,9.480545,0.1925491500792802,0.08866760164931253,0.29643069850924786,0.18472178
411525,1.0,10.221306,0.3217898866394364,0.19795573029642904,0.4456240429824438,0.15954535
411526,0.0,9.7060699,0.1306745300058303,0.043329485726989886,0.21801957428467067,0.27662987
411527,0.0,9.4011374,0.12515579934756715,0.0365657453095366,0.21374585338559768,0.16014874
411528,0.0,9.3339815,0.2512507981854437,0.11876187799585997,0.3837397183750274,0.21327868
411621,0.0,9.3299026,0.028231000053498434,-0.12649700174652675,0.1829590018535236,0.24937078
411622,0.0,9.3243389,0.1675984987494612,-0.01851775948573256,0.35371475698465493,0.21633685
411623,0.0,9.0943699,0.1371744017956793,-0.06895190422070155,0.3433007078120601,0.19199234
411624,0.0,9.1962967,0.3002648366603857,0.16876528041640876,0.43176439290436264,0.21378842
411625,1.0,9.5854034,0.1144263200470057,-0.0172956265216333,0.24614826661564465,0.16100635
411627,0.0,9.0462036,0.1632688611261237,0.0488178827850832,0.27771983946716416,0.1843427
411628,1.0,10.373837,0.16421968301935408,-0.02187745257333487,0.350316818612043,0.19522028
411681,1.0,9.1880522,-0.4607543694888001,-0.8315588813469164,-0.08994985763068392,0.54545492
411721,0.0,9.4179373,0.25537559900576845,0.11333638228268059,0.3974148157288563,0.21930981
411722,0.0,9.0575714,0.25839390278651564,0.12351700668595514,0.3932707988870761,0.17797847
411723,0.0,9.245554,0.2497418379320102,0.08586276077729041,0.41362091508673,0.18829085
411724,1.0,9.62679,0.06895981936965612,-0.09456939317128987,0.23248903191060208,0.13140467
411725,0.0,9.6491346,0.13589735002021897,0.04060139646104534,0.23119330357939255,0.24248536
411726,0.0,9.3294697,0.20759168902990943,0.026943198188712852,0.38824017987110593,0.21290527
411727,0.0,9.2646227,0.13741298708123928,0.0033448407546511905,0.2714811334078273,0.24347141
411728,0.0,9.7747536,0.13798063425234375,0.029910158523168695,0.2460511099815188,0.26340505
411729,1.0,9.945343,0.30273480639979056,0.1279005925308441,0.477569020268737,0.11990753
420222,1.0,8.8106699,-0.6853612852533324,-0.966159671682943,-0.40456289882372193,0.55624866
420281,1.0,9.3873615,-0.6750674151679981,-0.932606539852437,-0.41752829048355916,0.76681268
420322,1.0,8.0682554,-0.22690503948960838,-0.5334070072475285,0.07959692826831172,0.31854278
420323,1.0,8.1512642,-0.44849468590157926,-0.6570109933131816,-0.23997837848997694,0.39565268
420324,1.0,8.3226051,-0.06798391232246459,-0.3484226629975438,0.21245483835261458,0.30667999
420325,1.0,8.0239105,0.017884884133884782,-0.20917461468937756,0.24494438295714707,0.26044863
420381,1.0,9.1149807,-0.41255788961068873,-0.7812814480134023,-0.04383433120797536,0.60696459
420525,1.0,9.36623,-0.7490378276860667,-1.0252092306813434,-0.47286642469079015,0.59546268
420526,1.0,9.2540379,-0.6793869773432277,-0.9458112932040426,-0.41296266148241295,0.63728523
420527,1.0,8.7273254,-0.6250523154481513,-0.7981138562351127,-0.45199077466119003,0.53768861
420528,0.0,9.4013004,0.12223851103660266,-0.006729002271792989,0.2512060243449983,0.29547364
420529,0.0,9.3342762,0.1780699712093572,0.04729920571188723,0.3088407367068271,0.1814284
420581,1.0,9.6602135,-0.6801157115305649,-0.9351879573201178,-0.42504346574101204,0.67928028
420582,1.0,9.459609,-0.7094074625014848,-0.9554317200199282,-0.4633832049830414,0.63032103
420583,1.0,9.4601011,-0.7965579293165348,-0.9787670167461581,-0.6143488418869115,0.73490787
420624,1.0,8.5370636,-0.8382928423453606,-1.021111805422128,-0.6554738792685932,0.58918345
420625,1.0,8.8125658,-0.849248344359701,-1.1149489188051553,-0.5835477699142467,0.6858173
420626,1.0,8.6224174,-0.7593210984829284,-0.9790228639525379,-0.539619333013319,0.70601177
420682,1.0,8.9559059,-0.8957124292510521,-1.120873943171477,-0.6705509153306274,0.85721648
420683,1.0,8.840992,-0.9551995335328272,-1.2271412695174277,-0.6832577975482266,0.68129158
420684,1.0,8.8626747,-0.8051182140640307,-0.9405100184628125,-0.6697264096652491,0.70107222
420822,1.0,9.0356092,-0.8225903949873441,-1.0041567902845372,-0.6410239996901511,0.55244076
420881,1.0,9.0368824,-0.8108480745237401,-1.0120386190929977,-0.6096575299544824,0.78387523
420882,0.0,9.8760395,-0.5048554774169673,-0.7212450939037292,-0.28846586093020554,0.37927902
420921,1.0,8.3396587,-0.8529648610625316,-1.1198117444402542,-0.5861179776848091,0.62005556
420922,1.0,8.6265869,-0.8530823436382491,-1.1254321864442258,-0.5807325008322723,0.55238652
420923,1.0,9.0583935,-0.9826303655778688,-1.2321056100064487,-0.7331551211492889,0.73894703
420981,1.0,9.0550823,-0.894048873204035,-1.107108839729043,-0.6809889066790272,0.80881405
420982,1.0,8.8280287,-0.8161632101446727,-1.014191912987422,-0.6181345073019237,0.57106388
420984,1.0,9.1360741,-0.8867090820861954,-1.0933500102720886,-0.6800681539003022,0.76587069
421022,1.0,8.5617905,-0.7985568959406706,-1.0463406867321712,-0.55077310514917,0.90837669
421023,1.0,8.3622093,-0.767296481526131,-0.9489992904938453,-0.5855936725584165,0.67380202
421024,1.0,8.486433,-0.833930806216614,-0.9993392068978595,-0.6685224055353685,0.48521036
421081,1.0,8.9300613,-0.8635368788240925,-1.0310015009793052,-0.6960722566688797,0.72136974
421083,1.0,8.6678505,-0.8272201005559907,-1.026551411891767,-0.6278887892202146,0.89888787
421087,1.0,8.6302643,-0.8168589281643506,-1.0394197059091488,-0.5942981504195524,0.64955813
421121,1.0,8.4646301,-0.5545432403509523,-0.7760845215630884,-0.3330019591388162,0.4533326
421122,1.0,8.4659643,-0.7411988559080491,-1.047180377487653,-0.4352173343284454,0.92737788
421123,1.0,8.2990847,-0.9214083484387174,-1.180566756622037,-0.6622499402553979,0.64316779
421124,1.0,8.5704327,-0.7960020952391815,-0.9606288416083815,-0.6313753488699817,0.63853514
421125,1.0,8.4569473,-0.9166672081037035,-1.182454687018124,-0.6508797291892829,0.80619138
421126,1.0,8.5730438,-0.9162132739703495,-1.150430496944289,-0.6819960509964101,0.82154626
421127,1.0,8.4549065,-0.9930869477551987,-1.2679983132328747,-0.7181755822775227,0.80928111
421181,1.0,8.3675308,-0.8065624009346166,-1.096329925379123,-0.5167948764901104,0.55158585
421182,1.0,8.9469318,-0.851081207431843,-1.103644697474694,-0.598517717388992,0.78414881
421221,1.0,9.1912069,-0.8123631928995394,-0.9789035168803172,-0.6458228689187616,0.71940202
421222,1.0,8.6638699,-0.8038419435549571,-1.019835979068703,-0.5878479080412112,0.63427055
421223,1.0,8.7452059,-0.8084410107421434,-0.9708323048068891,-0.6460497166773976,0.73788559
421224,1.0,8.2044859,-0.7634185040412333,-1.0058265546890384,-0.5210104533934283,0.6076104
421281,1.0,9.5619116,-0.7949098403393364,-1.0072646433694608,-0.5825550373092122,0.8173911
421381,1.0,9.0363598,-0.7774680043680533,-1.0523580878731438,-0.5025779208629628,0.54078078
422801,0.0,9.1070871,-0.025871461311918864,-0.28382233031137744,0.23207940768753965,0.34156296
422802,0.0,8.7050257,-0.006400351308169405,-0.2774104365855473,0.26460973396920845,0.29770872
422822,0.0,8.8452635,0.1337785137409888,-0.020723235433361714,0.2882802629153393,0.23011421
422823,0.0,9.0612526,0.07718252678782278,-0.08261695259781948,0.23698200617346502,0.25627068
422825,0.0,8.8944931,0.11202434978214271,-0.009027132487276629,0.23307583205156202,0.20351757
422826,0.0,8.9813023,0.12204143276982293,-0.028998266173660858,0.2730811317133067,0.2159844
422827,0.0,8.9813528,0.06653622310451723,-0.10493667069361529,0.2380091169026497,0.27194214
422828,0.0,9.1763897,0.20187393923121988,0.0863134504491208,0.31743442801331895,0.19281195
429006,0.0,9.3006382,0.24048508311462768,0.18279411349397423,0.29817605273528114,0.26537496
430121,1.0,11.384487,0.21258716932442567,-0.09711181767620058,0.5222861563250518,0.66781294
430181,1.0,11.013823,0.11303162045159709,-0.0986513779517044,0.3247146188548985,0.47122332
430182,0.0,10.310312,-0.08173937726798997,-0.31543050313664817,0.15195174860066818,0.4337649
430223,1.0,10.463816,-0.30791828335122773,-0.6421964375372233,0.026359870834767818,0.45519245
430224,1.0,9.8892012,0.11836220439576195,-0.023596745153095455,0.2603211539446193,0.31259385
430225,1.0,9.9351387,0.03605018920308822,-0.04733329923213522,0.11943367763831166,0.34014767
430281,0.0,10.049208,-0.22014204219406963,-0.4715522022796158,0.03126811789147643,0.51987845
430321,1.0,10.157204,0.04541676647028581,-0.24814277222374337,0.33897630516431493,0.33960882
430381,1.0,10.259414,-0.0042957787253570245,-0.2931030866071525,0.2845115291564384,0.34640464
430382,0.0,10.281519,-0.05100986373268768,-0.20302110585199928,0.1010013783866239,0.37636763
430421,1.0,9.8437557,0.31129568005555086,0.1369135696571388,0.48567779045396287,0.19704202
430422,1.0,9.9595861,0.3081268447649599,0.14837710652406866,0.4678765830058511,0.25705302
430423,1.0,10.098495,0.12039172909830853,-0.023067626696980037,0.26385108489359704,0.29617399
430424,1.0,10.186959,0.2994328292355313,0.17594705939497857,0.422918599076084,0.25185195
430426,1.0,9.7868443,0.30496412832806996,0.21148766291213145,0.3984405937440084,0.24376482
430481,1.0,10.165413,-0.014877048533378456,-0.1990210574352081,0.16926696036845112,0.40628225
430482,1.0,10.074039,0.20542378370761227,0.035284190889258854,0.37556337652596566,0.30973598
430522,1.0,9.3075113,0.3215637775371043,0.2486304111094768,0.3944971439647318,0.19046077
430523,1.0,9.1584196,0.32796484449564645,0.23328540462953656,0.42264428436175633,0.15333886
430524,1.0,9.1278515,0.32670012139165294,0.27830033455518216,0.3750999082281237,0.16756433
430525,1.0,9.4519844,0.19391464269893532,0.003664419153428522,0.3841648662444421,0.18524969
430527,1.0,9.6636648,0.1885786695032401,0.03620233154682287,0.3409550074596573,0.19465345
430528,1.0,9.2520952,0.3153192906618365,0.17265301390061688,0.4579855674230561,0.21556006
430529,0.0,8.9332962,0.17493673731331683,0.10574051477726587,0.24413295984936778,0.26427954
430581,1.0,9.3526621,0.188210478293815,0.03025269720612908,0.34616825938150086,0.23925681
430582,0.0,9.5583429,-0.2570745338648983,-0.4631764073993203,-0.050972660330476344,0.40269792
430621,1.0,10.158661,0.29367736917496856,0.1331693957043271,0.45418534264560995,0.18433203
430623,1.0,10.319631,0.2791329072323876,0.2062598481046901,0.3520059663600851,0.22787036
430624,1.0,10.388405,0.16647364641353235,0.06797852721263739,0.2649687656144273,0.29370734
430626,1.0,9.7199125,0.29780603856979226,0.1586111995215633,0.4370008776180212,0.20668481
430681,1.0,10.599315,0.05383389293571739,-0.10739134452472252,0.21505913039615723,0.41467896
430682,1.0,10.349536,0.21647119766637246,0.10878137624332052,0.3241610190894244,0.25576866
430721,1.0,10.041607,0.2237320331975745,0.10193051623000571,0.3455335501651433,0.18723017
430722,1.0,9.9471941,0.2866489664134093,0.20193021820048468,0.37136771462633394,0.20023531
430723,1.0,10.103549,0.2345719712187062,0.02389450754068706,0.4452494348967253,0.28023469
430724,1.0,10.122869,0.17882490241461824,0.02874904990241192,0.3289007549268245,0.27854156
430725,1.0,10.032732,0.1890505242054843,-0.04038316021399052,0.41848420862495905,0.2676
430726,1.0,10.186546,0.17776907410272713,-0.002623748378488222,0.3581618965839425,0.29747516
430781,1.0,10.412778,0.0973382189071863,-0.08844520707568754,0.2831216448900601,0.32536739
430821,1.0,9.8004742,0.2799468435852077,0.18463496407724317,0.37525872309317226,0.20069124
430822,1.0,9.5343409,0.22529233903764379,0.049598112137064554,0.40098656593822296,0.13899836
430921,1.0,9.9196291,0.19324785199205508,0.047786097083875934,0.3387096069002342,0.13243924
430922,1.0,9.8436136,0.2777893891273493,0.14602630162818517,0.4095524766265134,0.17804904
430923,1.0,9.5373096,0.31182739417824834,0.20830988624254784,0.4153449021139488,0.16240713
430981,1.0,10.135132,0.3020019587858691,0.16744155780032452,0.43656235977141367,0.20853509
431021,1.0,10.360834,-0.02449053633735332,-0.21380381965632086,0.16482274698161417,0.42741448
431022,1.0,9.8539543,0.05492015578606413,-0.07033057030111053,0.18017088187323876,0.35757256
431023,1.0,10.517165,0.10904253295032973,-0.011276109255869207,0.22936117515652865,0.41396254
431024,1.0,10.333466,0.17805312232268733,0.016247413243566877,0.3398588314018077,0.29367745
431025,1.0,10.037269,0.15662708187453944,0.03034555654479157,0.2829086072042873,0.2863856
431026,1.0,9.2948084,0.28940731911593076,0.19002240121708183,0.38879223701477966,0.19638169
431027,1.0,9.033515,0.1983603012404771,0.09199095530429244,0.30472964717666173,0.11885419
431028,1.0,9.4724016,0.3054803431726931,0.19475677375477898,0.41620391259060724,0.14565895
431081,1.0,11.054687,0.08243399847761879,-0.11727937034928762,0.28214736730452517,0.47482347
431121,1.0,9.9072418,0.3191169270921854,0.2058573201958848,0.432376533988486,0.19456409
431122,1.0,9.9218168,0.271052550834348,0.16266599552955363,0.3794391061391423,0.18694651
431123,1.0,9.941227,0.22550643449111618,0.06248238883316484,0.3885304801490675,0.23449682
431124,1.0,9.7791033,0.25506085338805207,0.11865582157722387,0.39146588519888026,0.18799667
431125,1.0,9.7168083,0.22251116244713742,0.10450113662620421,0.3405211882680706,0.17641731
431126,1.0,9.4148102,0.3297705578909884,0.27402275791100006,0.38551835787097677,0.17937295
431127,1.0,9.8779869,0.2505319473460226,0.13381739136069232,0.36724650333135284,0.24694857
431128,1.0,9.5416508,0.3169507073287612,0.18102050675992262,0.4528809078975997,0.1827177
431129,0.0,9.1923037,0.16685111049924473,0.09034850726875278,0.24335371372973666,0.18863966
431221,1.0,10.279545,0.21240163557135716,0.012215574555428488,0.4125876965872858,0.26074752
431222,1.0,10.028485,0.09686814456290804,-0.0361357712460704,0.22987206037188646,0.2504048
431223,1.0,9.6850023,0.24976661422896385,0.15305226161236432,0.34648096684556334,0.25935942
431224,1.0,9.4618273,0.3193270108466564,0.23391342011247612,0.40474060158083663,0.198273
431225,1.0,9.516675,0.3288472186110525,0.21060288831186863,0.44709154891023634,0.18174407
431226,0.0,9.0317993,0.19859295117008102,0.050499640051435285,0.3466862622887267,0.18264505
431227,0.0,9.1135321,0.2297538082836219,0.15249957689026805,0.30700803967697576,0.15108824
431228,0.0,9.3819084,0.20297055068325776,0.1284279294184169,0.2775131719480986,0.21022953
431229,0.0,9.4384651,0.15816524943506138,0.04421071683100157,0.2721197820391212,0.25158587
431230,0.0,8.9387245,0.18815483809820321,0.03770063480057828,0.33860904139582815,0.18950471
431281,1.0,9.7336292,0.3032077406199356,0.162001936271097,0.44441354496877417,0.27169725
431321,1.0,9.7155628,0.19235728743238312,0.026142367691667112,0.35857220717309907,0.17126079
431322,1.0,9.4432983,0.27461470059633797,0.13882085194559501,0.4104085492470809,0.18582508
431381,1.0,11.014166,0.29626990492612926,0.06039925702442839,0.53214055282783,0.59014654
431382,1.0,9.7654629,0.24751813591053562,0.13903831847929624,0.355997953341775,0.25831649
433101,0.0,10.01598,-0.07197217803799205,-0.20395283183205526,0.0600084757560711,0.43212235
433122,1.0,9.7191257,0.020792858367052247,-0.14283065509828033,0.1844163718323848,0.17275985
433123,1.0,9.4957752,0.2915943688784175,0.1290123760627341,0.4541763616941008,0.18820974
433124,1.0,9.8727236,-0.06627878375119067,-0.30039432043434156,0.16783675293196015,0.40660951
433125,1.0,9.492918,0.009358686565597907,-0.1546808491017484,0.17339822223294418,0.15827046
433126,1.0,9.346365,0.11953115587105145,-0.08912347989999475,0.3281857916420976,0.084850498
433127,1.0,9.1475639,0.2909024759897534,0.18741465603855748,0.39439029594094926,0.094500907
433130,1.0,9.1719885,0.3402784109415826,0.21677261928115915,0.46378420260200603,0.13147476
440222,0.0,9.5504131,0.12671123862413936,-0.003972899105625982,0.25739537635390464,0.20818375
440224,0.0,10.162248,-0.1942259905877073,-0.4368643476154556,0.04841236644004099,0.40853998
440229,0.0,9.260087,0.14572841302680573,-0.001229939879508174,0.2926867659331196,0.18881525
440232,0.0,9.800498,-0.015461864238428547,-0.1879619100787167,0.15703818160185956,0.38093877
440233,1.0,10.363719,0.11970613608699665,0.009830865278947998,0.22958140689504528,0.27412775
440281,0.0,9.4305496,0.2548647269071971,0.1249175803431912,0.38481187347120294,0.24805026
440282,1.0,10.176024,0.010105878445454408,-0.2282329008249862,0.248444657715895,0.30945998
440523,0.0,9.3827934,0.120054356571897,-0.030339957329779677,0.2704486704735737,0.2204717
440781,0.0,9.9616022,-0.6105375192996121,-0.8359054770316763,-0.38516956156754795,0.69156647
440783,0.0,10.199041,-0.3387226346448884,-0.6241044654157648,-0.05334080387401208,0.76627749
440784,0.0,10.359326,-0.18927311451641238,-0.49467844411225015,0.11613221507942534,0.70484978
440785,0.0,9.8299065,-0.27988731113235943,-0.4577194889225734,-0.10205513334214547,0.45528656
440823,1.0,10.273765,0.15444637179718512,-0.08725108977100002,0.3961438333653702,0.25936252
440825,1.0,9.8504362,0.06343603570847023,-0.07906841501362055,0.20594048643056098,0.22114649
440881,1.0,10.217787,0.2909618242603784,0.18867805645686264,0.3932455920638942,0.24457632
440882,0.0,8.9263659,0.06619253917152079,-0.19348065841871143,0.32586573676175296,0.23400013
440883,1.0,10.057249,0.21767603479856845,0.15279495420017047,0.28255711539696643,0.27838606
440923,0.0,9.6362028,0.03594196096985769,-0.23879833752052776,0.310682259460243,0.29973668
440981,1.0,10.385306,0.1313592946678952,-0.054307969112855264,0.3170265584486456,0.29578573
440982,1.0,10.408935,0.23297382275463008,0.10502760137507638,0.36092004413418377,0.2835688
440983,1.0,10.579717,0.30023616675634557,0.15029786294720798,0.4501744705654831,0.26070815
441223,1.0,10.30782,-0.34544589150642224,-0.6696179023781086,-0.021273880634735898,0.53380859
441224,1.0,10.145553,-0.3481781917017486,-0.586773151526295,-0.10958323187720223,0.80953169
441225,1.0,10.089807,-0.38827072364243875,-0.6451269222623228,-0.13141452502255468,0.37177721
441226,1.0,10.437243,-0.14103854841902574,-0.330059148418988,0.047982051580936436,0.45622021
441284,0.0,10.377584,-0.6304066126069117,-0.8521126951670404,-0.4087005300467831,0.56836277
441322,1.0,10.754811,-0.03918323249540556,-0.34010819067714926,0.2617417256863381,0.60874802
441323,0.0,10.169396,0.006073139774521508,-0.14332253834434022,0.15546881789338318,0.43905967
441324,0.0,9.8225603,-0.0034122255238919763,-0.11860877422000626,0.11178432317222228,0.2906324
441422,1.0,9.8366308,0.24954194061661283,0.09500163200344391,0.40408224922978175,0.27089739
441423,1.0,9.850112,0.09886979742586632,-0.040574908943173144,0.23831450379490576,0.19859336
441424,1.0,9.2763338,0.3018535399838491,0.16170411575398114,0.44200296421371704,0.10828815
441426,0.0,9.5150547,0.14040301431174385,0.024807140603811964,0.2559988880196757,0.23138668
441427,0.0,9.7811089,-0.005389371190005932,-0.1691894922184214,0.1584107498384095,0.3686702
441481,1.0,9.4224863,0.29374077215268457,0.19941452600430615,0.388067018301063,0.17779897
441521,0.0,9.7887259,-0.139345898396666,-0.35799050404820154,0.07929870725486954,0.40225387
441523,1.0,9.7444677,0.24394999042041832,0.10041128823059595,0.38748869261024066,0.26783869
441581,0.0,9.0733738,0.04041784084775912,-0.18662025849249958,0.26745594018801777,0.34345746
441621,1.0,9.4746046,0.2259559194438978,0.13240143014191957,0.319510408745876,0.20985739
441622,1.0,9.6896849,0.10260279551421547,-0.01542949316401121,0.22063508419244213,0.17619364
441623,1.0,10.032326,-0.11232483765929047,-0.3627548715966202,0.1381051962780392,0.30597547
441624,1.0,10.029549,0.23134755937184437,0.10624297448008213,0.3564521442636066,0.15681849
441625,0.0,9.4479351,0.2119796622914727,0.10974863817450337,0.31421068640844196,0.16868447
441721,0.0,9.799859,0.015172008208994114,-0.1562292152496529,0.1865732316676411,0.19145101
441781,1.0,10.539262,0.19809705613207385,0.058749841023165716,0.337444271240982,0.31070235
441821,0.0,10.222393,0.03246185636123755,-0.13372508956641052,0.19864880228888557,0.45419654
441823,1.0,10.07136,0.05561144894977943,-0.19119140525594122,0.3024143031555,0.37780461
441825,0.0,9.5316429,0.14416915354305893,0.05914037699688722,0.22919793008923062,0.13855243
441826,0.0,9.3254261,0.2292544301787096,0.08807430296024021,0.370434557397179,0.19623241
441881,1.0,10.024329,-0.04631162563884317,-0.19584769022285317,0.10322443894516681,0.45140544
441882,0.0,9.8925686,0.01877983911770187,-0.12260329518938876,0.16016297342479244,0.31885129
445122,1.0,10.052869,0.22851635092156997,0.14190171837399504,0.31513098346914487,0.20302303
445222,1.0,10.126953,0.11414875388815204,0.03584602138205348,0.19245148639425058,0.17134488
445224,0.0,9.2091131,0.2510611507063487,0.12289746370992885,0.37922483770276855,0.15170012
445281,1.0,10.155602,0.09087616115661845,-0.10761411809096089,0.28936644040419773,0.44894037
445321,1.0,10.806269,-0.3246335320772573,-0.6243049349756074,-0.024962129178907277,0.45974168
445322,1.0,10.063833,0.20391093893346834,0.11875178605755757,0.2890700918093791,0.28722155
445381,1.0,9.6947021,0.3036402012349697,0.21387851393436882,0.39340188853557057,0.26137471
469025,0.0,9.2962246,0.17896844014989988,0.005698517306616774,0.35223836299318295,0.13611764
469027,0.0,9.1561337,0.09835406912070255,-0.022989623885269317,0.21969776212667438,0.11363519
469028,0.0,9.3725071,0.13569853313287794,0.008948315699572246,0.2624487505661836,0.16915594
469029,0.0,9.2201853,0.1764742038471958,0.00730520599655643,0.34564320169783513,0.1160771
469030,0.0,9.1438293,0.19766365949854858,0.06329455356611385,0.33203276543098326,0.13969642
510121,0.0,9.6421432,0.06414173306081139,-0.12524772287937228,0.253531189000995,0.29384187
510129,0.0,9.7136707,0.10954443242026812,-0.073999880261291,0.29308874510182725,0.30705196
510131,0.0,9.9002571,0.006548116344021082,-0.10114428874576781,0.11424052143380994,0.31452695
510132,0.0,10.422541,-0.05274281168105688,-0.21146367906289573,0.10597805570078195,0.46578342
510181,0.0,9.8532057,-0.6685849452273409,-0.9361349465033735,-0.40103494395130845,0.58965331
510182,0.0,9.7347107,-0.21179194060074025,-0.36673850809786446,-0.05684537310361604,0.38542932
510183,0.0,9.664958,0.12969178999747655,-0.03488794540840251,0.29427152540335555,0.30810684
510184,0.0,9.6602736,0.16646964077358817,0.08466158695127107,0.24827769459590524,0.32769766
510321,0.0,9.5722456,0.25462455562835906,0.13886348229970708,0.37038562895701105,0.20761284
510322,0.0,9.4217901,0.28289094015990734,0.17301638507547895,0.3927654952443357,0.18766835
510421,0.0,10.003615,-0.04254635843491883,-0.1467029538326256,0.06161023696278793,0.37840763
510422,0.0,10.303333,-0.044562028338841486,-0.3104161374127427,0.22129208073505968,0.31960043
510521,0.0,9.4944277,0.20004270404921698,0.07996832874165026,0.3201170793567837,0.27603599
510522,0.0,9.262413,0.31806879021200984,0.20816010786377137,0.42797747256024826,0.20580076
510524,0.0,8.9300232,0.2596378585403869,0.12236040370193277,0.396915313378841,0.19019368
510525,0.0,8.9585848,0.28849152579140025,0.09798537998276483,0.47899767160003565,0.21452601
510623,0.0,9.4020519,0.10953439442462631,-0.1042146122120147,0.3232834010612673,0.12455254
510681,0.0,10.178729,-0.3293389592551357,-0.5884069350508839,-0.07027098345938748,0.48614073
510682,0.0,10.278281,-0.23061180662183034,-0.5619865087923279,0.10076289554866719,0.57597166
510683,0.0,10.167254,-0.389446994062558,-0.7866620338174921,0.007768045692375991,0.64616901
510722,0.0,9.2635641,0.1861667858978162,-0.10053656236747727,0.4728701341631096,0.2179748
510723,0.0,9.2184019,0.0848069604321644,-0.03350596926704087,0.20311989013136966,0.11553751
510725,0.0,9.3940086,0.09390628328950612,-0.05899345612586032,0.2468060227048725,0.14956543
510726,0.0,9.1683846,0.24384176647303235,0.15581033248331339,0.33187320046275126,0.16693531
510727,0.0,9.2267122,0.2247474375900822,0.1081328393764722,0.3413620358036922,0.17611539
510781,0.0,9.8826971,-0.09458730256400116,-0.2788986583267614,0.08972405319875906,0.44915381
510821,0.0,9.2395287,0.25269682440985264,0.14596876163727285,0.3594248871824324,0.12003154
510822,0.0,8.8137255,0.18597087321938766,0.0323766349957495,0.3395651114430258,0.053623077
510823,0.0,9.0023947,0.16373934446246707,0.03860265936631696,0.28887602955861713,0.09776666
510824,0.0,9.0403366,0.20494994314389814,0.026567355458998687,0.3833325308287976,0.1187233
510921,0.0,9.06775,0.1265424521011589,-0.031639716346133606,0.2847246205484513,0.083476193
510923,0.0,9.3802319,0.1956320494619881,0.056014326978352236,0.3352497719456239,0.14471209
510981,0.0,9.6882706,0.2146668099016651,0.11259733888955771,0.31673628091377243,0.24943264
511024,0.0,9.960495,0.10722009560875634,0.012801271440779027,0.20163891977673365,0.36769783
511025,0.0,9.166193,0.260963651468348,0.16141503249627198,0.360512270440424,0.17498007
511083,0.0,9.6216488,0.18505451893416236,0.07482656932855175,0.2952824685397729,0.21321513
511123,0.0,9.5153389,0.17680494694300108,0.04833021597937551,0.30527967790662663,0.18947408
511124,0.0,9.3974924,0.16511000728946001,0.037619837467696066,0.29260017711122394,0.14085603
511126,0.0,9.8018064,0.0270489024477385,-0.1097874761546686,0.16388528105014558,0.37723595
511129,0.0,9.4340038,0.10244039722505605,-0.06824447056087232,0.27312526501098433,0.23154126
511132,0.0,9.5865736,-0.04147869716018704,-0.22933054807703185,0.14637315375665771,0.27946952
511133,0.0,9.1136169,0.2286338475981129,0.062016558999440724,0.39525113619678504,0.13196205
511181,0.0,10.077529,0.09316013307891424,-0.01362087223215816,0.19994113838998662,0.40986505
511321,0.0,9.5020142,0.2519355762339366,0.08390902309516168,0.41996212937271143,0.16509624
511322,0.0,9.1350784,0.19747802843700057,0.04319576790929172,0.3517602889647094,0.14586407
511323,0.0,9.3490295,0.2422789061083357,0.13289985611341626,0.3516579561032551,0.19468498
511324,0.0,8.9263992,0.18548833078915195,0.061949592896675953,0.3090270686816279,0.081728548
511325,0.0,9.1129055,0.20110281625446547,0.08103157408536564,0.3211740584235653,0.12065151
511381,0.0,9.3727436,0.27330539158819533,0.16850787879955714,0.3781029043768335,0.17250469
511421,0.0,9.4063301,0.3084921704393331,0.18197975531770044,0.43500458556096566,0.17541739
511423,0.0,9.6682816,0.035433019022619305,-0.14478482643489057,0.21565086448012913,0.32385334
511424,0.0,9.636713,0.1738335824755204,0.06063698662820394,0.28703017832283684,0.1974262
511425,0.0,9.7644482,0.09935760947839611,-0.02184342334335586,0.22055864230014804,0.19846831
511523,0.0,9.4601765,0.17417415430915284,0.05987494890250339,0.28847335971580224,0.16084869
511524,0.0,9.6434183,0.2373463204928754,0.1042579720902804,0.3704346688954704,0.18511863
511525,0.0,9.4587622,0.19289387034255157,0.02975026570736153,0.3560374749777415,0.21685924
511526,0.0,9.4845734,0.1993100269157715,0.02993317052394731,0.36868688330759564,0.19700164
511527,0.0,9.6931534,0.16842035607235673,0.0201056789088854,0.316735033235828,0.1764254
511528,0.0,9.1857042,0.23890506313651372,0.1718427707393611,0.30596735553366633,0.11709097
511529,0.0,8.7707024,0.23614510477210793,0.12195537080791315,0.35033483873630267,0.10282394
511621,0.0,9.2823191,0.28590043853350977,0.17444404758519833,0.3973568294818212,0.24645813
511622,0.0,9.4997702,0.2621785187796597,0.15443556439178419,0.3699214731675352,0.26573402
511623,0.0,9.3375235,0.31666097297006957,0.19979875914898498,0.4335231867911541,0.21717653
511681,0.0,9.961339,0.11575544063338228,0.019881300189100143,0.21162958107766439,0.24270758
511722,0.0,9.259531,0.1761700553494876,0.025569644612004366,0.3267704660869708,0.13554983
511723,0.0,9.3860321,0.1347916824037796,0.020289217913895125,0.24929414689366403,0.15001482
511724,0.0,9.612422,0.33906119067902196,0.18975524388087125,0.48836713747717264,0.23764102
511725,0.0,9.1274338,0.21330487901283135,0.07250965589721747,0.3541001021284452,0.13356867
511781,0.0,9.4566431,0.17213323941365033,0.05869999704810776,0.28556648177919286,0.10787352
511822,0.0,9.9209576,0.060902199448126026,-0.10554142142190284,0.22734582031815487,0.27144134
511823,0.0,9.1004705,0.20749945418091897,0.13807230696107664,0.27692660140076125,0.13747962
511824,0.0,10.196561,-0.012197705803707493,-0.11647448994246778,0.09207907833505277,0.36695573
511825,0.0,9.7685986,0.01389487849385418,-0.11266597753218516,0.1404557345198935,0.19158952
511826,0.0,9.5710726,-0.007322339341428119,-0.17337853419097793,0.15873385550812166,0.10311996
511827,0.0,10.011112,-0.03938695399913783,-0.2107374658222522,0.13196355782397648,0.18473779
511921,0.0,8.872611,0.20540980464927117,0.06359961232575917,0.34721999697278316,0.065444633
511922,0.0,8.9789181,0.18904308795345415,0.035129050852406946,0.34295712505450127,0.10819515
511923,0.0,8.8568344,0.2000878388313332,0.08825390475860792,0.3119217729040584,0.095411241
512021,0.0,9.2054167,0.10228577239812608,-0.05274203755135151,0.2573135823476036,0.14056726
512022,0.0,9.3805923,0.1916889747496402,0.004915035959719066,0.3784629135395613,0.16394709
513201,0.0,9.7801313,0.022383379555924066,-0.1733474943296268,0.21811425344147486,0.11246612
513221,0.0,10.120005,-0.01993892585375079,-0.3027700588565362,0.2628922071490345,0.37387997
513222,0.0,9.6579456,-0.17964864288081728,-0.3912581114446332,0.031960825682998545,0.14435831
513223,0.0,9.3361053,-0.032482300061371205,-0.18099421640194993,0.11602961627920746,0.10967628
513224,0.0,9.3045683,0.16356752089886584,0.007505613985316073,0.31962942781241555,0.21188691
513225,0.0,9.6433563,-0.09766737430004824,-0.26899075607237855,0.07365600747228201,0.40789649
513226,0.0,8.7632408,0.16232598527691167,-0.024212316835138914,0.3488642873889622,0.027525503
513227,0.0,8.8689442,0.1396331437049927,-0.04303978484266541,0.32230607225265073,0.044231873
513228,0.0,9.3348379,0.18186389808469094,-0.00025871299843535644,0.36398650916781716,0.069579788
513230,0.0,9.0983562,0.14537125691599684,-0.0699292024853603,0.36067171631735395,0.024409683
513231,0.0,8.7818432,0.13263419258001008,-0.06690267487511814,0.3321710600351383,0.026881423
513232,0.0,9.1901369,0.12307485325323952,-0.08874599664615249,0.3348957031526315,0.033174414
513233,0.0,9.3277674,0.12607587410533228,-0.07521360640164662,0.3273653546123111,0.029588608
513301,0.0,10.066916,-0.1072398477357801,-0.35057499877470183,0.13609530330314157,0.26639816
513322,0.0,9.1234903,0.09149120477486505,-0.10018830387010594,0.283170713419836,0.17814566
513323,0.0,9.2097044,0.09828673926795517,-0.06751862235967132,0.26409210089558166,0.097676069
513324,0.0,10.059908,-0.1340607065845809,-0.36237613151816395,0.09425471834900206,0.22826622
513325,0.0,8.9598179,0.1599581396305485,-0.04525249045873844,0.36516876971983536,0.034904294
513326,0.0,8.8038931,0.162960727183588,-0.03184547824694864,0.3577669326141246,0.063430071
513327,0.0,8.7211304,0.14274494921025926,-0.07301060950658589,0.35850050792710436,0.023911366
513328,0.0,8.7680464,0.1339544933089396,-0.06390180833717382,0.33181079495505295,0.028665192
513329,0.0,8.9347143,0.16057064513556618,-0.025497052783255314,0.3466383430543877,0.012438198
513330,0.0,8.4068708,0.14102235040310518,-0.08453056149170121,0.3665752622979115,0.023721201
513331,0.0,9.3695211,0.13971632733225547,-0.06075746971371351,0.34019012437822443,0.035148598
513332,0.0,8.5509396,0.13384532554541195,-0.07170136901672167,0.33939202010754554,0.017865632
513333,0.0,8.7174759,0.1457827513769825,-0.06905363021656735,0.3606191329705323,0.021436568
513334,0.0,8.9661579,0.14705984184748466,-0.08594105282107184,0.3800607365160411,0.027188567
513335,0.0,9.1514425,-0.04657495959510527,-0.2537926097631634,0.16064269057295288,0.045122426
513336,0.0,9.3323412,0.11027811020604794,-0.08423933199252137,0.3047955524046172,0.02910319
513337,0.0,9.0522413,0.1445111241019177,-0.08260059823304727,0.3716228464368826,0.039581779
513338,0.0,9.1585417,0.13907293637277007,-0.08489404925136859,0.3630399219969087,0.03395186
513401,0.0,10.224728,-0.4829586074833685,-0.7430615967061325,-0.22285561826060457,0.50207347
513422,0.0,9.1353455,0.19460596067437308,-0.008989831820874233,0.39820175316962036,0.075946778
513423,0.0,9.3920364,0.20636888281392096,0.09724138355940704,0.3154963820684349,0.24604923
513424,0.0,9.6637678,-0.09194966776211544,-0.1964096222789348,0.012510286754703906,0.34394845
513425,0.0,10.083083,-0.4521148035752205,-0.7283624122944963,-0.17586719485594476,0.4447411
513426,0.0,9.9166193,-0.46259669908172185,-0.734595458758856,-0.19059793940458775,0.4176847
513427,0.0,9.4759073,-0.11279828283853632,-0.41306454133755793,0.18746797566048518,0.30798772
513428,0.0,9.081522,0.1759455116112818,-0.03756742763984047,0.38945845086240405,0.1282787
513429,0.0,8.9986506,0.15923603382199047,-0.041693330927547456,0.36016539857152835,0.076276951
513430,0.0,9.1175585,0.15486566805557977,0.007212787755816713,0.30251854835534275,0.042200569
513431,0.0,8.5790405,0.197894579750578,0.02332725048899001,0.3724619090121659,0.048472799
513432,0.0,8.9314718,0.2374149514284678,0.09156855892977842,0.38326134392715716,0.10486349
513433,0.0,9.478591,0.07021983894633976,-0.03881007206529147,0.17924974995797097,0.3046273
513434,0.0,8.9760113,0.2769040790381627,0.10439339340409448,0.4494147646722309,0.16531941
513435,0.0,9.2628498,-0.00641364622960694,-0.18297534546352964,0.1701480530043157,0.25152802
513436,0.0,8.5838804,0.2013067094897263,0.014647886146910538,0.387965532832542,0.078052759
513437,0.0,9.2460117,0.1993879808691652,0.05898506453992999,0.3397908971984004,0.1937101
520121,1.0,10.639803,0.03499709571688214,-0.1269824776054472,0.19697666903921143,0.44647449
520122,1.0,10.927093,-0.008947578641915754,-0.26419916195364235,0.24630400466981078,0.3568899
520123,1.0,10.667658,0.11890346522632811,-0.007507340996934286,0.24531427144959048,0.3585273
520181,1.0,10.698895,0.08115804269590399,-0.06753319010322928,0.22984927549503723,0.4338868
520221,1.0,9.4280872,0.07374474551849985,-0.049655598800201387,0.19714508983720108,0.33841461
520281,0.0,9.6753941,0.1393555311116046,-0.07119691396339198,0.3499079761866011,0.61010814
520322,1.0,9.3338575,0.29000506236689816,0.2151358948818615,0.3648742298519348,0.22767872
520323,1.0,9.2405224,0.23652459364295275,0.10848825738784365,0.3645609298980618,0.16046871
520324,1.0,8.891264,0.2625704484880522,0.12389518450934164,0.40124571246676277,0.12489296
520325,0.0,8.5977459,0.2558078475136405,0.2019992238355505,0.30961647119173047,0.16915837
520326,0.0,8.443634,0.26513039592271426,0.13971053555561608,0.39055025628981244,0.16799642
520327,1.0,9.0305576,0.28093998939788634,0.1372727103107993,0.4246072684849733,0.13363625
520328,1.0,9.1587391,0.2951786345729275,0.18436654429918942,0.40599072484666554,0.17332152
520329,1.0,9.4982929,0.16839274627196232,0.04362053915080588,0.29316495339311877,0.27436543
520330,1.0,9.3618813,0.2606226116447026,0.18461211756810997,0.3366331057212951,0.17860089
520381,1.0,10.280514,0.16627503798205368,-0.04482060274458871,0.377370678708696,0.21008904
520382,1.0,10.743621,0.21212031148101573,-0.011738277385125728,0.43597890034715714,0.60079271
520422,1.0,9.2277145,0.08617977832699353,-0.034870901314736705,0.20723045796872375,0.31077006
520423,0.0,8.8231926,0.2740708362208153,0.15004192985964124,0.3980997425819893,0.23219639
520424,0.0,8.7629585,0.20483258055002018,0.0972311883135206,0.31243397278651974,0.19246989
520425,0.0,8.3854551,0.27029843224678096,0.12682382474032652,0.4137730397532353,0.1443949
520521,1.0,9.3015833,0.1353223857284398,-0.04778935536325324,0.31843412682013283,0.34793809
520522,1.0,9.4570532,0.10656234085105964,-0.02164850942501853,0.2347731911271378,0.32547557
520523,1.0,9.8472109,-0.1953235697750486,-0.47392708450522525,0.08327994495512797,0.49373388
520524,1.0,9.1283894,0.09239980096443645,-0.12079222215841087,0.30559182408728375,0.36468089
520525,1.0,9.4397573,0.08375003198202435,-0.02292186557488228,0.19042192953893095,0.32309359
520526,0.0,8.404604,0.12229670388740033,-0.052544951922416094,0.2971383596972167,0.28759041
520527,1.0,8.8485022,0.2456473688135361,0.11936978900535403,0.37192494862171815,0.17769741
520621,1.0,9.8768539,0.3637204276567516,0.17226692535838845,0.5551739299551147,0.12575199
520622,0.0,9.7118816,-0.06638343010869718,-0.2145632185697624,0.08179635835236801,0.39045537
520623,1.0,9.0089588,0.2771471454762917,0.13446921087769875,0.4198250800748846,0.1448517
520624,1.0,9.1577568,0.23654515834827095,0.10354645544985921,0.36954386124668265,0.15052801
520625,0.0,8.6903114,0.2355285539201475,0.10669825054628329,0.36435885729401163,0.17845671
520626,1.0,9.2615328,0.2619192305021336,0.13575729120457491,0.3880811697996923,0.16238575
520627,0.0,8.5533276,0.24293967991707532,0.1262997807451437,0.35957957908900695,0.17886819
520628,0.0,8.6751451,0.217290770323892,0.12368264174221377,0.3108988989055702,0.16969296
522301,0.0,9.6680756,-0.39400589689253707,-0.598817822511245,-0.18919397127382911,0.5669471
522302,0.0,8.9034796,0.08982802050814698,-0.11051965325729202,0.2901756942735859,0.35665372
522323,0.0,8.8807898,0.09585654746546624,-0.15094793781279592,0.34266103274372833,0.41479474
522324,0.0,8.6582508,0.32529516076750653,0.1319755012591087,0.5186148202759043,0.22548802
522325,0.0,9.0288973,0.15653861458792662,-9.059042665798822e-05,0.31316781960251117,0.30331665
522326,1.0,9.7928295,0.3509193926762251,0.20128723361494913,0.500551551737501,0.075167425
522327,1.0,9.8406439,0.37631603911128053,0.21860091313198093,0.5340311650905801,0.10572585
522328,0.0,8.9651337,0.07079085685765918,-0.0192036944240854,0.16078540813940373,0.3432948
522601,0.0,9.6152391,-0.6828250482633536,-0.935513225553938,-0.4301368709727692,0.65284872
522622,1.0,9.7055588,0.40024676027179495,0.25358411656680563,0.5469094039767842,0.14229837
522623,0.0,8.9559784,0.20873602906101318,0.020838769866826368,0.39663328825519995,0.31677201
522624,0.0,8.7120743,0.2986909585507327,0.11783301714535002,0.4795488999561153,0.15256967
522625,0.0,9.110013,-0.02084964346193985,-0.23481486021663422,0.19311557329275447,0.35151914
522626,0.0,8.7794294,0.24165709586103645,0.07085836592900821,0.4124558257930646,0.13883227
522627,0.0,8.806715,0.19783854251038235,0.02119424078601992,0.37448284423474476,0.20521438
522628,0.0,8.7641153,0.34062455786968115,0.1429802465446384,0.5382688691947239,0.15140013
522629,0.0,8.5827971,0.2637104795391192,0.13748365087747522,0.3899373082007631,0.11146965
522630,0.0,8.7657709,0.19618647391255628,-0.008247588356586344,0.40062053618169885,0.14053041
522631,1.0,9.7313805,0.28794077936133533,0.03946177359185818,0.5364197851308125,0.11450415
522632,0.0,8.5549259,0.27170926441224097,0.15942485377357277,0.38399367505090914,0.11503525
522633,1.0,9.6966572,0.3893743020278535,0.17764567629396108,0.6011029277617459,0.14786799
522634,0.0,8.6164799,0.260764695469204,0.08996233803828887,0.4315670529001191,0.11077281
522635,0.0,8.6879187,0.24339830964417075,0.07192395800542503,0.41487266128291644,0.17903861
522636,1.0,9.8929396,0.2859305066499509,0.08244078541557315,0.4894202278843286,0.11201738
522701,0.0,9.5607281,-0.19278251005814795,-0.44272597255565976,0.05716095243936381,0.4407523
522702,0.0,9.6646557,-0.29888270522337734,-0.5526624499641248,-0.04510296048262996,0.47173449
522722,1.0,10.57925,0.2017182238709978,-0.03405007865282997,0.43748652639482555,0.23655562
522723,0.0,9.2441311,0.12912103655417795,-0.014923470258497162,0.27316554336685306,0.29091445
522725,0.0,8.9629955,0.16550374499566445,0.046271245759502186,0.2847362442318267,0.28260899
522726,1.0,10.190674,0.2980473011626259,0.07001462036001646,0.5260799819652353,0.17390878
522727,1.0,9.7258759,0.38511746002128433,0.22820094293424611,0.5420339771083225,0.11051717
522728,1.0,10.128925,0.28793345634163714,0.07890274135354383,0.49696417132973036,0.13677195
522729,1.0,10.246465,0.30619462957431764,0.13628718025945347,0.47610207888918177,0.26776853
522730,0.0,9.5294333,0.03000125742903137,-0.1530038677951764,0.2130063826532391,0.31756309
522731,0.0,8.7651205,0.15619227685714066,0.026535288680709285,0.285849265033572,0.20794709
522732,0.0,8.4207478,0.2706931978471836,0.11988531601867178,0.4215010796756954,0.10919935
530124,0.0,9.6557922,0.0848506762082728,0.0025000995641285134,0.16720125285241708,0.28729844
530125,0.0,9.8603764,-0.7736150323695412,-1.0302173442052671,-0.5170127205338153,0.62507319
530126,0.0,9.467802,-0.1639853694640152,-0.3073142581587889,-0.020656480769241564,0.42530984
530127,0.0,9.3763542,0.012051189061278222,-0.1284543853148894,0.1525567634374458,0.36615592
530128,0.0,8.8027554,0.16485587536109847,0.04445889313023263,0.2852528575919643,0.23599637
530129,0.0,8.816432,0.21279773459287732,0.09979148389567444,0.32580398529008014,0.2311186
530181,0.0,10.555778,0.23120033286062203,-0.07157416358888646,0.5339748293101304,0.69357699
530322,0.0,9.4925461,-0.41580892808253367,-0.606758662643978,-0.22485919352108932,0.3807995
530323,0.0,9.347887,-0.047897578138822894,-0.18076715379451802,0.0849719975168722,0.36263621
530324,0.0,9.4501381,-0.0341919931885144,-0.20645333346478115,0.13806934708775231,0.38934177
530325,0.0,9.5159292,-0.3347559083263292,-0.6785209320416135,0.009009115388954991,0.47806051
530326,0.0,9.1570368,0.06652679988696875,-0.15297636227216613,0.2860299620461036,0.43848133
530381,1.0,9.5939875,0.056030745575071705,-0.050435260951642746,0.16249675210178613,0.37447888
530423,0.0,9.5614643,-0.02829438526423189,-0.12468412738476281,0.06809535685629901,0.40565917
530424,0.0,9.5251894,-0.17120959980742967,-0.30683893912667115,-0.035580260488188215,0.38144574
530425,0.0,9.7437115,0.024023428260932178,-0.16743786438760674,0.21548472090947107,0.3537187
530426,0.0,9.7972717,-0.01893708301653163,-0.16970182770016978,0.13182766166710647,0.3860589
530427,0.0,9.7053032,0.03741993419492573,-0.11280399959587437,0.1876438679857258,0.33530229
530428,0.0,9.4111204,0.1742649174940727,0.06749040561994547,0.28103942936819987,0.27587759
530481,0.0,9.8039999,-0.07301361860535849,-0.19983679752343794,0.05380956031272094,0.38347173
530521,0.0,8.7505169,0.22602718308152703,0.15425485875757275,0.2977995074054813,0.17760292
530523,0.0,9.0857573,0.2162748499324696,0.10288303613734769,0.32966666372759146,0.23381986
530524,0.0,9.0905828,0.09081015944208204,-0.06928274147783106,0.2509030603619951,0.2380147
530581,0.0,9.1406088,0.23397616981051073,0.12203366565415757,0.3459186739668638,0.28476539
530621,0.0,8.6162844,0.2995647869935745,0.1502376100446956,0.4488919639424533,0.13045484
530622,0.0,8.3972683,0.21604952281622047,0.04950442370503966,0.38259462192740123,0.10567784
530623,0.0,8.5328674,0.2788033280926179,0.12491513877156396,0.43269151741367173,0.10897367
530624,0.0,8.3605843,0.22749148532427554,0.08754785030000156,0.3674351203485495,0.071603
530625,0.0,8.7037497,0.28338465293076,0.12522729625563098,0.44154200960588896,0.11440476
530626,0.0,8.7638903,0.20608116128101805,0.05403083059997063,0.35813149196206545,0.10596643
530627,1.0,8.6257715,0.2960809861240179,0.12727207025040346,0.4648899019976323,0.10548203
530628,0.0,8.4265404,0.23984315503187226,0.08768894480961106,0.3919973652541334,0.14977188
530629,0.0,8.3984604,0.35478461738279066,0.2203705959946032,0.4891986387709781,0.10998817
530681,0.0,10.128365,-0.013373860168510276,-0.22957082732356787,0.20282310698654726,0.41616684
530721,0.0,8.9995899,0.2293770474413872,0.023307877740795346,0.43544621714197906,0.15941605
530722,0.0,8.7468481,0.31205727000610395,0.1554727985849214,0.46864174142728643,0.12332814
530723,0.0,9.5304661,0.019212824580449706,-0.13296618234445623,0.1713918315053556,0.26425019
530724,0.0,8.5292635,0.2860880188137074,0.11392097284447597,0.45825506478293876,0.06922207
530821,0.0,9.3119593,0.2209149466707423,0.0804789346360108,0.36135095870547373,0.20311175
530822,0.0,8.6535301,0.3154770274933547,0.13710592163044155,0.49384813335626787,0.19462772
530823,0.0,8.8334093,0.07187643784775766,-0.08032382362138546,0.22407669931690075,0.29953876
530824,0.0,9.3272467,0.07664918976540847,-0.051149514253451184,0.2044478937842681,0.31816858
530825,0.0,8.820056,0.22127143367168145,0.0231503449906188,0.41939252235274405,0.13088541
530826,0.0,9.1363649,0.15707758856412646,0.015715427281248723,0.29843974984700417,0.16295284
530827,0.0,8.8459225,0.1406787657102928,-0.02158127721114672,0.3029388086317323,0.16855519
530828,0.0,8.4875956,0.26319400557840567,0.08588036308992095,0.44050764806689036,0.12554608
530829,0.0,8.3727751,0.15171085005672147,-0.022918622081563256,0.32634032219500614,0.049857948
530921,0.0,8.7382059,0.15511525796419967,-0.012602723753074696,0.32283323968147404,0.22422537
530922,0.0,9.1379366,-0.1497277847156333,-0.3671702109289473,0.06771464149768064,0.41346946
530923,0.0,8.563673,0.23023364259217693,0.1229012147299913,0.33756607045436254,0.13926125
530924,0.0,9.0357647,0.22457451614909374,0.06094880118591653,0.38820023111227087,0.12589943
530925,0.0,8.8390322,0.19843598338646196,0.04844823019653827,0.3484237365763856,0.119645
530926,0.0,9.1755896,0.1811994417841749,0.0401065112875614,0.3222923722807884,0.17023647
530927,0.0,8.8112783,0.16231683322568102,-0.01487733126230864,0.33951099771367066,0.099236399
532301,0.0,10.13687,-0.01160884024497122,-0.2645629495012334,0.24134526901129089,0.59405625
532322,0.0,8.8709736,0.17488984301689747,0.0263625748972334,0.3234171111365615,0.18010089
532323,0.0,9.070507,0.17131392278353275,0.025212533044704333,0.3174153125223611,0.20153175
532324,0.0,8.9608383,0.1501424748762119,-0.04080352725944275,0.3410884770118665,0.24204008
532325,0.0,9.0629997,0.21218485778574525,0.11374874350161229,0.3106209720698782,0.17489059
532326,0.0,9.1192837,0.21693263235503935,0.1377000015218775,0.29616526318820113,0.2079791
532327,0.0,9.1545973,0.13489181986604137,-0.04867736608597928,0.318461005818062,0.14687432
532328,0.0,9.0523043,0.18621708288063132,0.06043175025952535,0.31200241550173724,0.19926153
532329,0.0,8.9396858,0.1660505568761046,0.04128843905337379,0.29081267469883537,0.20060617
532331,0.0,9.7484007,-0.20460486791898802,-0.4114253338645479,0.0022155980265717856,0.40638071
532501,0.0,10.099896,0.18295231520703936,-0.05029189914168408,0.41619652955576275,0.57608974
532502,0.0,10.09717,-0.3162634143958982,-0.5752303863498507,-0.05729644244194576,0.59583664
532503,0.0,9.6017656,-0.3699734404708579,-0.5735004717735827,-0.16644640916813316,0.5167805
532504,0.0,10.071378,0.2154469392244618,-0.03765265710619459,0.4685465355551181,0.58882332
532523,0.0,8.8577089,0.26562087268250245,0.09661204767729878,0.4346296976877061,0.15403281
532524,0.0,9.2650976,-0.14498817735073644,-0.38432646614350746,0.09435011144203453,0.41334739
532525,0.0,8.9931345,0.006562948040009786,-0.21106865031542787,0.2241945463954474,0.29909196
532527,0.0,8.9370871,-0.008828821730187286,-0.22662789091412855,0.20897024745375392,0.39932775
532528,0.0,8.402029,0.28346071057445954,0.15009984126219542,0.41682157988672364,0.11477154
532529,0.0,8.3327208,0.23339032185529618,0.06083581282946718,0.4059448308811251,0.076702043
532530,0.0,8.5200348,0.27249009938022084,0.08728408232456442,0.4576961164358772,0.18932182
532531,0.0,8.3610544,0.26803502781310407,0.0797004490103774,0.4563696066158307,0.14289214
532532,0.0,9.6083355,0.04839246350455184,-0.1113712348002796,0.20815616180938326,0.34260878
532601,0.0,9.8392525,-0.4314967348425256,-0.6210203942752531,-0.2419730754097981,0.49778688
532622,0.0,9.1740389,0.14622051525483215,0.06128807363367855,0.23115295687598575,0.28962529
532623,0.0,8.4844179,0.27114012442595303,0.16651867935363973,0.3757615694982663,0.099284038
532624,0.0,8.9789095,0.2678120304905782,0.1434245570346957,0.39219950394646075,0.16435303
532625,0.0,9.074379,0.2811720817561856,0.17205850003931128,0.3902856634730599,0.20854048
532626,0.0,8.4942131,0.2603823693530636,0.14433701660735732,0.37642772209876985,0.16177824
532627,0.0,8.4626369,0.24807738978738136,0.1511462633875223,0.3450085161872404,0.15395272
532628,0.0,8.9387894,0.2625001286872539,0.1630250592165554,0.3619751981579524,0.20677584
532801,0.0,9.6319351,-0.5269236658781189,-0.7602651479815388,-0.293582183774699,0.44405505
532822,0.0,9.2649698,0.22660166733848186,0.12601636920459297,0.32718696547237075,0.16247782
532823,0.0,9.4972448,0.046774371917930324,-0.06968996504386024,0.16323870887972086,0.20593418
532901,0.0,10.151561,-0.4764570843903826,-0.8777854323281823,-0.075128736452583,0.7789703
532922,0.0,9.0907555,0.20826402015272905,0.015215245060781202,0.40131279524467683,0.22893026
532923,0.0,9.3536119,-0.40891256916429697,-0.63127611775862,-0.18654902056997394,0.41612479
532924,0.0,9.3906927,-0.060753199373170474,-0.17722936629747793,0.055722967551136954,0.26612642
532925,0.0,8.7687349,0.20089604956740814,0.059966114465738934,0.3418259846690773,0.21518327
532926,0.0,8.9128237,0.023350275766029327,-0.2048485401793096,0.2515490917113682,0.34045714
532927,0.0,8.7923021,0.14167385258454068,0.00560368731007202,0.2777440178590093,0.2135741
532928,0.0,9.0326853,0.18005036995864998,0.005463586337444537,0.35463715357985537,0.21496318
532929,0.0,9.0090427,0.20349249399257907,-0.008200729559395131,0.41518571754455325,0.15717776
532930,0.0,9.0055971,0.1380863705853308,-0.04629194035847875,0.3224646815291403,0.23303638
532931,0.0,8.8583145,0.29608148891265884,0.13270519910862932,0.45945777871668836,0.19641335
532932,0.0,8.9928713,0.2611688345736862,0.17038397784497678,0.3519536913023957,0.25093338
533102,0.0,9.598772,-0.09808869480768223,-0.2545767078147193,0.05839931819935479,0.38770413
533103,0.0,9.200942,0.17562310175722473,0.10895376783955954,0.2422924356748899,0.28196642
533122,0.0,8.6077967,0.30011258309309596,0.12655212837141408,0.47367303781477776,0.14619893
533123,0.0,9.2521534,0.22603864719912004,0.07578607728021669,0.3762912171180233,0.26678991
533124,0.0,9.0502272,0.20093596715308948,0.008000028553221933,0.39387190575295694,0.16102034
533301,0.0,9.1538057,0.1989141629819784,0.06054201706149831,0.3372863089024585,0.19195722
533323,0.0,8.50175,0.1861969807442705,-0.015874047986453532,0.38826800947499446,0.055363189
533324,0.0,9.0709953,0.1906194276355606,0.01669535435688213,0.36454350091423904,0.10465595
533325,0.0,9.3517733,-0.02381215904174283,-0.252388679208837,0.20476436112535126,0.31874019
533401,0.0,10.145823,0.11543326246286512,-0.06409239118404869,0.29495891610977887,0.18309365
533422,0.0,9.6087971,0.08790092702447794,-0.04593608068140284,0.2217379347303587,0.070103563
533423,0.0,9.2079611,0.14970435126112314,-0.015617210251460623,0.31502591277370684,0.058086045
610122,1.0,9.1154575,0.2053851635008357,0.08575466592700987,0.3250156610746615,0.26843357
610124,1.0,8.9757566,0.1712785413455684,0.09570442912477353,0.24685265356636327,0.093912765
610222,1.0,9.076786,0.20486851818575857,0.0007594289851333147,0.4089776073863838,0.14267261
610322,0.0,9.7092962,0.10842749317647105,0.004401618133104121,0.21245336821983796,0.34158316
610323,0.0,9.6273651,0.07312749523905637,-0.05214989607339293,0.19840488655150565,0.34160364
610324,1.0,9.3549604,0.0858545613413213,-0.09394463209561107,0.26565375477825365,0.10589223
610326,0.0,9.4645405,0.1164963947443951,0.006358599640420737,0.22663418984836944,0.25001922
610327,1.0,9.212039,0.16599464936485475,0.031775107436082056,0.30021419129362736,0.17974126
610328,0.0,9.0252876,0.1492604943863043,0.027300922728499794,0.27122006604410875,0.21386981
610329,0.0,9.1546745,0.1653297234556952,0.057921915872008914,0.2727375310393814,0.14106078
610330,0.0,10.396461,0.0034156681534938116,-0.21634782462666474,0.2231791609336523,0.38882837
610331,1.0,9.3581038,0.16549594535341328,0.005627811633401314,0.32536407907342524,0.14936911
610422,0.0,9.6838179,0.16933117436691347,0.07292702178149861,0.2657353269523283,0.24938089
610423,0.0,9.4380789,-0.09918075383360048,-0.28519081460044227,0.08682930693324126,0.27157131
610424,0.0,9.1091146,0.26165329159168493,0.10272884457331827,0.42057773861005154,0.21778323
610425,0.0,9.2094784,0.11736299012498463,-0.030075917025609605,0.26480189727557885,0.18413652
610426,1.0,8.8783522,0.19854299960598176,0.056774433316405526,0.340311565895558,0.15248483
610428,0.0,9.0322104,0.22632425930992994,0.14283386120176675,0.3098146574180931,0.18890232
610429,0.0,9.1895247,0.17775668706088865,0.05557127366060015,0.29994210046117714,0.14935808
610430,1.0,9.3748369,0.17168114021926328,0.018889105302827586,0.32447317513569895,0.074841194
610431,1.0,9.2662477,0.12661478418737815,-0.004794584868476864,0.25802415324323313,0.086221896
610481,0.0,9.4913702,0.1706964939378217,0.0764733082348094,0.264919679640834,0.31696457
610482,0.0,9.4198742,0.10407408626254266,-0.04731689864119362,0.2554650711662789,0.25217533
610522,0.0,9.0043764,-0.22517703549970847,-0.40870979226089443,-0.0416442787385225,0.43204886
610523,1.0,8.6926718,0.14042081601835577,0.009573140704193017,0.2712684913325185,0.140397
610524,0.0,8.6389408,0.22318631873246275,0.15286410973552067,0.29350852772940483,0.15222819
610525,0.0,8.9529428,0.21632288416242673,0.0853057264003062,0.34734004192454726,0.22246604
610526,1.0,9.1217279,0.15502563257821222,0.01896164314603596,0.29108962201038846,0.17404285
610527,0.0,9.0231199,0.19223609196184555,0.07804598869175344,0.3064261952319376,0.16818552
610528,1.0,8.7835493,0.17739374186553647,0.07673594034378267,0.27805154338729027,0.091213882
610581,0.0,10.084364,0.1180321458138387,-0.1392545906430891,0.37531888227076643,0.60301238
610582,0.0,9.3393517,0.04291706421475894,-0.1614013541785157,0.24723548260803355,0.35054135
610621,1.0,9.5895472,0.04904329051905165,-0.13914616898350537,0.23723275002160865,0.40858802
610625,0.0,11.475521,0.05748007465868987,-0.17496753555470024,0.2899276848720799,1.1330727
610626,0.0,11.025232,-0.4680256671369598,-0.7699639901242163,-0.16608734414970333,1.0155126
610627,0.0,9.9547272,-0.4015013986979685,-0.689540231613607,-0.1134625657823301,0.77815479
610628,0.0,8.9191427,0.23676844024493882,0.07685268015835911,0.3966842003315185,0.1882482
610629,0.0,10.73598,0.0035295561589165914,-0.17072689369814223,0.17778600601597536,0.26196694
610630,0.0,8.687356,0.188088801345355,0.028634985842203114,0.34754261684850685,0.092197314
610631,1.0,9.0323124,0.13117566765346034,-0.005569179352642117,0.2679205146595628,0.053522836
610632,0.0,10.393451,-0.22924909071594257,-0.5139158085559083,0.055417627124023094,0.58981311
610681,0.0,9.7230883,-0.48626024941320267,-0.7864196936931916,-0.18610080513321375,0.64942282
610722,0.0,9.3109379,0.19059251996850968,0.06161925112951891,0.3195657888075004,0.2068335
610724,0.0,8.8289528,0.18384201734975747,0.0580322137156922,0.3096518209838227,0.14758614
610725,0.0,9.2480392,0.1430477188414514,-0.005285733378824736,0.2913811710617275,0.30845264
610726,0.0,8.8375721,0.1690449428342653,0.058950912068102976,0.2791389736004276,0.18185559
610727,0.0,9.4926987,0.06370367113524367,-0.11103962149138938,0.23844696376187668,0.40968013
610728,1.0,8.994297,0.2018396136538776,0.05665588712628894,0.3470233401814662,0.064346023
610729,1.0,9.1012506,0.10562421063185212,-0.0211758250700545,0.23242424633375872,0.10611635
610730,1.0,8.7370405,0.1065424942709825,-0.09474262042148462,0.3078276089634496,0.10265542
610822,0.0,10.5824,0.057292312400541334,-0.20980239604306877,0.3243870208441514,0.65626627
610824,0.0,11.180399,0.3084212454423181,0.13075193681861885,0.48609055406601726,0.6448741
610825,1.0,10.410655,-0.10419902568538575,-0.34272191014395714,0.13432385877318562,0.51374847
610826,0.0,8.6518002,0.3038228881122542,0.12801700538245825,0.47962877084205013,0.098450176
610827,0.0,8.9158564,0.16629857497025924,-0.039038058485020954,0.37163520842553943,0.06312038
610828,1.0,8.3953371,0.19541356983408775,0.009136463402529105,0.38169067626564634,0.033554535
610829,0.0,8.9333868,0.09494933386881854,-0.1028837000448955,0.2927823677825325,0.067043126
610830,1.0,9.1502714,0.19233414397498372,-0.016623700491998045,0.40129198844196545,0.031224234
610831,0.0,8.5989084,0.32709106218520745,0.17662840051035553,0.47755372386005934,0.075384691
610881,0.0,11.182647,0.28053015975491746,0.006617566998481705,0.5544427525113531,0.76811028
610921,0.0,8.9460077,0.16726402055548562,0.0411384043243507,0.2933896367866205,0.15001275
610922,0.0,9.1761961,0.1985070962667841,0.10374543538474898,0.29326875714881917,0.13075773
610923,1.0,9.3212833,0.12977190876755884,0.03740157521968296,0.2221422423154347,0.10024567
610924,1.0,9.0128641,0.21633380585739914,0.14320319939942197,0.2894644123153763,0.10261896
610925,1.0,8.8407421,0.20355378489111864,0.0564176741009319,0.3506898956813054,0.12434348
610926,0.0,9.0080795,0.19551139540014972,0.056440140460364385,0.33458265033993506,0.14513831
610927,0.0,9.1445227,0.14188127138387863,-0.0044978918112922595,0.2882604345790495,0.119872
610928,0.0,9.1326132,0.262208899396807,0.11748022558243462,0.4069375732111794,0.26814646
610929,0.0,9.0155697,0.21866313726570752,0.07550570091484585,0.36182057361656916,0.13995633
611021,0.0,8.7983112,0.19191060211047883,0.06559845565059005,0.3182227485703676,0.19816773
611022,1.0,8.8567352,0.20762710910493354,0.08059028722046299,0.33466393098940406,0.16151148
611023,0.0,8.9620781,0.24246823334222434,0.17128189514729714,0.31365457153715154,0.1545274
611024,1.0,8.9068003,0.25389350959017065,0.1243211931094789,0.3834658260708624,0.11250971
611025,1.0,9.1256866,0.193673347065058,0.14714205473920652,0.24020463939090947,0.17114717
611026,0.0,9.365139,0.16727454684881238,0.08907622427257228,0.24547286942505248,0.19080332
620121,1.0,9.6035662,0.1269053073313131,0.010809158727831128,0.24300145593479505,0.29583839
620122,1.0,9.7867489,-0.057221872797512674,-0.18888978218490074,0.07444603658987536,0.1577117
620123,1.0,9.1853733,0.10505672665428278,-0.02904188948540168,0.2391553427939672,0.23370054
620321,1.0,10.074195,0.08408406433363425,-0.04214025898646695,0.2103083876537354,0.17560793
620421,1.0,9.2235126,0.20253900396292934,0.10449386124934264,0.300584146676516,0.07501927
620422,1.0,8.5163755,0.20023571157147302,0.04250222943751633,0.3579691937054297,0.048252545
620423,1.0,9.8084679,0.18355771520135633,0.10397387389963703,0.26314155650307564,0.11904527
620521,1.0,9.3558321,0.33050697932691264,0.15155414142611476,0.5094598172277105,0.056784686
620522,1.0,8.7816877,0.3459299737235284,0.20552306395484005,0.4863368834922167,0.11945061
620523,1.0,9.0209322,0.3185642092452312,0.10998859872263803,0.5271398197678243,0.14331669
620524,1.0,8.9303865,0.24094765480198532,0.07179402275922075,0.4101012868447499,0.078106612
620525,0.0,8.315649,0.28542770131784323,0.12498548743268928,0.4458699152029971,0.059722841
620621,1.0,9.2680435,0.10786081942394787,0.02814838646430412,0.1875732523835916,0.1003038
620622,1.0,8.898675,0.24524711749306505,0.04826740636879687,0.4422268286173332,0.060017247
620623,0.0,9.1653423,0.1694702694992536,-0.0311057183625382,0.37004625736104535,0.11671614
620721,0.0,10.403378,-0.015888088476394557,-0.2851994869760774,0.2534233100232882,0.23393385
620722,1.0,9.4398232,0.22378415019853115,0.10856980429437267,0.3389984961026896,0.11981329
620723,1.0,9.7299891,0.1182827874925998,0.03279831906259521,0.20376725592260436,0.22350509
620724,1.0,9.6450262,0.06337904075587275,-0.03873005146693502,0.16548813297868048,0.20332429
620725,1.0,9.8074875,0.07609142525988233,-0.011045389029435457,0.16322823954920007,0.13544714
620821,1.0,9.3881321,0.20440939728173646,0.10487651911130304,0.30394227545216984,0.087151296
620822,1.0,9.6001434,0.25227968823309155,0.0722741509947177,0.43228522547146536,0.048726261
620823,1.0,9.5936489,0.01877220534061408,-0.17972227664327817,0.2172666873245063,0.21272624
620825,1.0,8.6549578,0.2459646999898375,0.06537895160913507,0.4265504483705399,0.05633286
620826,1.0,8.3148794,0.21787778119718837,0.060515995519656196,0.3752395668747205,0.10203295
620881,0.0,10.044084,0.016827724485416695,-0.09818587421821162,0.13184132318904498,0.45597902
620921,1.0,9.9208326,0.07590906876269088,-0.00943572148408367,0.16125385900946543,0.12869424
620922,1.0,10.502669,0.19632878499495376,0.02504139155023638,0.3676161784396711,0.21635535
620923,0.0,11.652081,-0.23954723790581411,-0.5427740953256965,0.06367961951406825,0.26633462
620924,0.0,11.080692,-0.24073072098139292,-0.5340300677400008,0.05256862577721494,0.19392313
620981,1.0,11.249084,-0.050102617889489665,-0.33079663815309795,0.23059140237411857,0.17242691
620982,1.0,10.320045,0.1637350536617781,0.07975057893679548,0.2477195283867607,0.23696026
621021,1.0,10.290302,0.07343995657824642,-0.1455690255557677,0.2924489387122605,0.40532681
621022,1.0,9.8681335,0.03561103813570199,-0.15378918942399247,0.2250112656953964,0.10153227
621023,1.0,10.912135,-0.11211324024997182,-0.40462946259122773,0.18040298209128397,0.12890396
621024,1.0,10.297543,0.06061986193552471,-0.20418211590945723,0.3254218397805066,0.077083349
621025,1.0,9.4899187,0.32943501324025704,0.16868297608313174,0.4901870503973823,0.092115395
621027,1.0,8.519309,0.2584109355249069,0.1175612812238652,0.3992605898259486,0.11915339
621121,1.0,8.5714741,0.20580308135239278,0.05795477968944798,0.35365138301533755,0.033940207
621122,1.0,9.0733643,0.27798135707422134,0.09996506028984475,0.45599765385859786,0.10671549
621123,1.0,8.8298931,0.22631422517794064,0.0604996064773024,0.3921288438785788,0.036917608
621124,1.0,8.4661217,0.20775113340249973,0.030515684744923777,0.38498658206007563,0.19249785
621125,1.0,9.0079784,0.2053676180784283,0.0486767881064,0.36205844805045656,0.042560544
621126,1.0,8.3630648,0.2045169637091675,0.03291897191841692,0.376114955499918,0.063363492
621221,1.0,9.7459755,0.264718811491953,0.07740496942692374,0.4520326535569822,0.12122407
621222,1.0,9.0657406,0.19490914351025168,0.09983333835188579,0.28998494866861757,0.046789508
621223,1.0,8.3577223,0.28238009542423725,0.0759600511944458,0.4888001396540287,0.032617826
621224,1.0,9.0101585,0.22883939948994936,0.032941845124832614,0.42473695385506605,0.034093954
621225,1.0,8.4637918,0.3095840073501499,0.12295606668773845,0.4962119480125613,0.10202726
621226,1.0,7.9584336,0.2175813432835092,0.019132017783001276,0.41603066878401707,0.055835195
621227,1.0,9.7834969,0.33931863726148137,0.21061907492116974,0.468018199601793,0.11831298
621228,1.0,9.3549929,0.1534578636371915,-0.04686098961922702,0.35377671689360995,0.025713647
622901,0.0,9.2150869,0.20328914126074338,0.06201924652996585,0.3445590359915208,0.23988937
622921,0.0,8.2498789,0.26262305274716624,0.11183328257455843,0.413412822919774,0.054327793
622922,1.0,8.7445669,0.289390608904192,0.11095521154846855,0.46782600625991544,0.038564544
622923,1.0,9.5868225,-0.052010340179386105,-0.23526711152272056,0.1312464311639483,0.17181204
622924,1.0,8.7320318,0.17508413146724777,-0.013912187226825384,0.3640804501613209,0.04769133
622925,0.0,8.1333561,0.2139522412623993,0.014185692507992814,0.4137187900168058,0.06316027
622926,0.0,7.8466482,0.29912648622097393,0.07771185386751184,0.520541118574436,0.035020661
622927,0.0,7.8795815,0.2619050794170583,0.04366576889824797,0.4801443899358686,0.045177869
623001,0.0,9.597806,0.030819071969084177,-0.13939686283124134,0.20103500676940964,0.11442728
623021,1.0,8.8942232,0.18174565627878358,0.012249039979762205,0.35124227257780494,0.034283165
623022,1.0,9.3538256,0.17488373250448497,-0.006453069407623913,0.35622053441659385,0.038593076
623023,1.0,9.1053019,0.19231486645270124,0.02352678141625439,0.36110295148914806,0.019516323
623024,1.0,9.6844692,0.1660310439341437,-0.04060496893535165,0.372667056803639,0.060662478
623025,1.0,10.036699,0.2527870685062954,0.07110571466678156,0.4344684223458092,0.20008641
623026,1.0,9.9740734,0.08599310807266747,-0.18147513072920424,0.3534613468745391,0.37423968
623027,0.0,9.0063124,0.1389668468425409,-0.05026057116112739,0.32819426484620917,0.049808949
630121,0.0,9.645978,0.0603906853886258,-0.08960052935416424,0.21038190013141578,0.38459584
630123,1.0,9.2673483,-0.08738393044077952,-0.25474080406945443,0.07997294318789538,0.16187111
630222,0.0,8.6275692,0.2391157088396092,0.09899791956645357,0.3792334981127648,0.12444907
630223,0.0,9.063633,0.29420765594346676,0.18136695707453546,0.40704835481239804,0.14238834
630224,0.0,8.9008713,-0.0003136900451039537,-0.15113428522537917,0.15050690513517123,0.13867046
630225,0.0,8.8426495,-0.04313560352483492,-0.21616845322313788,0.12989724617346798,0.19278824
632221,0.0,9.0398178,0.23036175542783077,0.14499546338257346,0.315728047473088,0.15109305
632222,0.0,9.6203413,0.1335574016210508,-0.017195900382049767,0.2843107036241513,0.12685786
632223,0.0,10.530345,-0.2398555457472149,-0.510266896812348,0.03055580531791824,0.13168667
632224,0.0,9.4216003,0.1246950878514621,-0.004049541495687953,0.25343971719861214,0.1322763
632321,0.0,9.3750496,0.09511872555540535,-0.019881503406032397,0.21011895451684307,0.07602711
632322,0.0,10.15236,-0.13110005730715457,-0.4557935992296308,0.1935934846153216,0.26890841
632323,0.0,9.0479355,0.08169555914923521,-0.13783737575889504,0.3012284940573654,0.018000409
632324,0.0,9.6607304,0.13015233884522104,-0.010942844531090401,0.2712475222215325,0.059270285
632521,0.0,9.6257849,-0.07668250943556032,-0.2175384027187324,0.0641733838476117,0.12907711
632522,0.0,9.2094307,0.09225773358196498,-0.09962531558611187,0.28414078275004184,0.053633299
632523,0.0,9.4075241,-0.10740075685852801,-0.306935316678971,0.09213380296191495,0.19638042
632524,0.0,9.5142937,0.1248879992228158,-0.04660900226301007,0.2963850007086416,0.092833184
632525,0.0,9.119978,0.08591465923182184,-0.10402966457130991,0.27585898303495354,0.055632096
632621,0.0,9.6770144,0.025845411161093068,-0.22176574292631285,0.27345656524849893,0.030657345
632622,0.0,8.5846386,0.12924560621138248,-0.023523996867440666,0.2820152092902056,0.045901481
632623,0.0,8.2055387,0.13822546328001373,-0.06614175776003492,0.34259268432006235,0.023114283
632624,0.0,8.350337,0.12930639950072553,-0.059280070814097696,0.3178928698155487,0.027889522
632625,0.0,8.6545782,0.1235727876239352,-0.0530494313401135,0.30019500658798387,0.02181438
632626,0.0,8.8554621,0.13152017552980588,-0.06294231996952185,0.3259826710291336,0.017818416
632701,0.0,8.7992182,0.1765710790665782,-0.01213680224508007,0.36527896037823643,0.11594564
632722,0.0,9.3303204,0.15787130272727623,-0.0010681574276621142,0.31681076288221455,0.026588874
632723,0.0,8.764349,0.15127518073702007,-0.03308210371512968,0.3356324651891698,0.043824263
632724,0.0,9.5369291,0.0869296440600813,-0.12340196047905067,0.2972612485992132,0.018135242
632725,0.0,8.8161631,0.11544567347987211,-0.046948005077240285,0.2778393520369845,0.014418053
632726,0.0,9.5706863,0.09539966245504772,-0.10210286158611998,0.29290218649621536,0.029491888
632801,0.0,11.250768,0.33797526363660957,0.18515776495545136,0.49079276231776775,0.71353453
632802,0.0,10.377481,0.019480074390543223,-0.220026655191408,0.2589868039724944,0.19061831
632821,0.0,10.060358,-0.04950597268264545,-0.306535639539119,0.20752369417382804,0.13079272
632822,0.0,9.2917881,0.23129108604311455,0.011826479422923086,0.45075569266330595,0.14403209
632823,0.0,11.204638,-0.30450846201836157,-0.8063940786774231,0.19737715464069983,0.54018623
